-- =============================================
-- DESIMA Backend - PostgreSQL Database Setup
-- =============================================

-- Forzar encoding UTF8 para caracteres especiales (ñ, ó, etc.)
\encoding UTF8

-- Crear base de datos (ejecutar como superusuario)
CREATE DATABASE desima;

-- =============================================
-- LIMPIAR TABLAS EXISTENTES (orden inverso por FK)
-- =============================================
DROP TABLE IF EXISTS client_tariff CASCADE;
DROP TABLE IF EXISTS documents CASCADE;
DROP TABLE IF EXISTS unidad CASCADE;
DROP TABLE IF EXISTS empresa_transporte CASCADE;
DROP TABLE IF EXISTS user_address CASCADE;
DROP TABLE IF EXISTS user_information CASCADE;
DROP TABLE IF EXISTS "user" CASCADE;
DROP TABLE IF EXISTS roles CASCADE;
DROP TABLE IF EXISTS blacklist CASCADE;
DROP TABLE IF EXISTS refresh_token CASCADE;

-- =============================================
-- TABLA: roles
-- =============================================
CREATE TABLE IF NOT EXISTS roles (
    id SERIAL PRIMARY KEY,
    name VARCHAR(20) UNIQUE NOT NULL
);

-- =============================================
-- TABLA: user
-- =============================================
CREATE TABLE IF NOT EXISTS "user" (
    id SERIAL PRIMARY KEY,
    email VARCHAR(255) UNIQUE NOT NULL,
    password VARCHAR(255) NOT NULL,
    role INTEGER NOT NULL DEFAULT 3 REFERENCES roles(id),
    "isActive" INTEGER DEFAULT 0,
    "isVisible" INTEGER DEFAULT 0,
    "lastLoginDate" TIMESTAMP,
    "tokenRefreshPassword" VARCHAR(255),
    "tokenExpiryDate" TIMESTAMP,
    "createdAt" TIMESTAMP DEFAULT CURRENT_TIMESTAMP
);

-- =============================================
-- TABLA: user_information
-- =============================================
CREATE TABLE IF NOT EXISTS user_information (
    id SERIAL PRIMARY KEY,
    user_id INTEGER UNIQUE REFERENCES "user"(id) ON DELETE CASCADE,
    "userName" VARCHAR(255) NOT NULL,
    "userAbbreviation" VARCHAR(255) NOT NULL,
    "mainAddress" INTEGER,
    "contactName" VARCHAR(255),
    "contactEmail" VARCHAR(255),
    "contactPhone" VARCHAR(255),
    "createdAt" TIMESTAMP DEFAULT CURRENT_TIMESTAMP
);

-- =============================================
-- TABLA: user_address
-- =============================================
CREATE TABLE IF NOT EXISTS user_address (
    id SERIAL PRIMARY KEY,
    "user" INTEGER NOT NULL REFERENCES "user"(id) ON DELETE CASCADE,
    label VARCHAR(100) NOT NULL,
    "contactName" VARCHAR(200),
    "contactEmail" VARCHAR(100),
    "contactPhone" VARCHAR(50),
    address VARCHAR(150) NOT NULL,
    city VARCHAR(200) NOT NULL,
    state VARCHAR(100) NOT NULL,
    "zipCode" VARCHAR(15) NOT NULL,
    country VARCHAR(200) NOT NULL,
    "createdAt" TIMESTAMP DEFAULT CURRENT_TIMESTAMP,
    "updateAt" TIMESTAMP DEFAULT CURRENT_TIMESTAMP
);

-- =============================================
-- TABLA: empresa_transporte (Empresas de Transporte)
-- =============================================
CREATE TABLE IF NOT EXISTS empresa_transporte (
    id SERIAL PRIMARY KEY,
    nombre VARCHAR(255) NOT NULL UNIQUE,
    ruc VARCHAR(11),
    estado VARCHAR(20) DEFAULT 'activo',
    created_at TIMESTAMP DEFAULT CURRENT_TIMESTAMP,
    updated_at TIMESTAMP DEFAULT CURRENT_TIMESTAMP
);

-- =============================================
-- TABLA: unidad (Placas de vehículos)
-- =============================================
CREATE TABLE IF NOT EXISTS unidad (
    id SERIAL PRIMARY KEY,
    placa VARCHAR(20) NOT NULL UNIQUE,
    empresa_id INTEGER REFERENCES empresa_transporte(id),
    estado VARCHAR(20) DEFAULT 'activo',
    created_at TIMESTAMP DEFAULT CURRENT_TIMESTAMP,
    updated_at TIMESTAMP DEFAULT CURRENT_TIMESTAMP
);

-- =============================================
-- TABLA: documents (Guías de Remisión)
-- =============================================
CREATE TABLE IF NOT EXISTS documents (
    id SERIAL PRIMARY KEY,
    uploaded_by INTEGER REFERENCES "user"(id),
    pdf_file_path VARCHAR(500),
    pdf_original_name VARCHAR(255),
    
    -- Relación con unidad (placa)
    unidad_id INTEGER REFERENCES unidad(id),
    
    -- Campos de auditoría
    created_at TIMESTAMP DEFAULT CURRENT_TIMESTAMP,
    updated_at TIMESTAMP DEFAULT CURRENT_TIMESTAMP,
    updated_by INTEGER REFERENCES "user"(id),
    
    -- Campos extraídos del PDF
    mes VARCHAR(50),
    semana VARCHAR(50),
    fecha DATE,
    grt VARCHAR(100),
    transportista VARCHAR(255),
    unidad VARCHAR(100),
    empresa VARCHAR(255),
    tn_enviado DECIMAL(10, 2),
    deposito VARCHAR(255),
    tn_recibida DECIMAL(10, 2),
    tn_recibida_data_cruda DECIMAL(10, 2),
    ticket VARCHAR(255),
    grr VARCHAR(100),
    cliente VARCHAR(255),
    partida VARCHAR(255),
    llegada VARCHAR(255),
    transportado VARCHAR(255),
    
    -- Campos financieros
    precio_unitario DECIMAL(10, 2),
    divisa VARCHAR(10),
    precio_final DECIMAL(12, 2),
    pcosto DECIMAL(10, 2),
    divisa_cost VARCHAR(10),
    costo_final DECIMAL(12, 2),
    margen_operativo DECIMAL(12, 2)
);

-- =============================================
-- DATOS INICIALES
-- =============================================

-- Roles
INSERT INTO roles (id, name) VALUES
(1, 'Administrator'),
(2, 'User'),
(3, 'Manager'),
(4, 'Clients'),
(5, 'Vendor'),
(6, 'Sales Executive'),
(7, 'Inventory Manager')
ON CONFLICT (id) DO NOTHING;

-- Usuarios (password: la misma que tenías antes)
INSERT INTO "user" (id, email, password, role, "isActive", "isVisible") VALUES
(1, 'jalban@acyde.com', '$2a$08$KFNjEUgJ/AhaaonLmP21Yu.hwTCnr1/3C5ALTQu681uJd6FeUN4D2', 1, 1, 1),
(2, 'jose_alban@outlook.com', '$2a$08$KFNjEUgJ/AhaaonLmP21Yu.hwTCnr1/3C5ALTQu681uJd6FeUN4D2', 2, 6, 1),
(3, 'etomasayala@gmail.com', '$2a$08$KFNjEUgJ/AhaaonLmP21Yu.hwTCnr1/3C5ALTQu681uJd6FeUN4D2', 1, 1, 1),
(4, 'Gerencia@ecotransporte.com', '$2a$08$KFNjEUgJ/AhaaonLmP21Yu.hwTCnr1/3C5ALTQu681uJd6FeUN4D2', 1, 1, 1),
(5, 'JeanLecussan@ecotransporte.com', '$2a$08$KFNjEUgJ/AhaaonLmP21Yu.hwTCnr1/3C5ALTQu681uJd6FeUN4D2', 2, 1, 1)
ON CONFLICT (id) DO NOTHING;

-- Información de usuarios
INSERT INTO user_information (id, user_id, "userName", "userAbbreviation", "contactName", "contactEmail", "contactPhone") VALUES
(1, 1, 'Jose Alban', 'JA', 'Jose Alban', 'jalban@acyde.com', '+51987718866'),
(2, 2, 'Jose Alban Arnaiz', 'JLAA', 'Jose Alban Arnaiz', 'jose_alban@outlook.com', '+51987718866'),
(3, 3, 'Edson Tomas', 'ET', 'Edson Tomas Ayala', 'etomasayala@gmail.com', '+51555555555'),
(4, 4, 'Gerencia Ecotransporte', 'GE', 'Gerencia', 'Gerencia@ecotransporte.com', ''),
(5, 5, 'Jean Lecussan', 'JL', 'Jean Lecussan', 'JeanLecussan@ecotransporte.com', '')
ON CONFLICT (id) DO NOTHING;

-- Resetear secuencias
SELECT setval('roles_id_seq', (SELECT MAX(id) FROM roles));
SELECT setval('user_id_seq', (SELECT MAX(id) FROM "user"));
SELECT setval('user_information_id_seq', (SELECT MAX(id) FROM user_information));

-- =============================================
-- DATOS: Empresas de Transporte
-- =============================================
INSERT INTO empresa_transporte (id, nombre, estado) VALUES
(1, 'ECOTRANSPORTE', 'activo'),
(2, 'EMNA', 'activo'),
(3, 'FLS', 'activo'),
(4, 'TREO', 'activo')
ON CONFLICT (id) DO NOTHING;

SELECT setval('empresa_transporte_id_seq', (SELECT MAX(id) FROM empresa_transporte));

-- =============================================
-- DATOS: Unidades (Placas)
-- =============================================
INSERT INTO unidad (id, placa, empresa_id, estado) VALUES
-- ECOTRANSPORTE
(1, 'CBT714', 1, 'activo'),
(2, 'BXY704', 1, 'activo'),
(3, 'BXX911', 1, 'activo'),
(4, 'BXX888', 1, 'activo'),
(5, 'BXX714', 1, 'activo'),
(6, 'CBS886', 1, 'activo'),
-- EMNA
(7, 'ARE770', 2, 'activo'),
(8, 'T5Z850', 2, 'activo'),
(9, 'F0I738', 2, 'activo'),
(10, 'AWW898', 2, 'activo'),
(11, 'BYF728', 2, 'activo'),
-- FLS
(12, 'CBS840', 3, 'activo'),
(13, 'CCQ816', 3, 'activo'),
-- TREO
(14, 'CCX752', 4, 'activo'),
(15, 'TOC892', 4, 'activo'),
(16, 'BEA768', 4, 'activo'),
(17, 'BMQ991', 4, 'activo'),
(18, 'C5T736', 4, 'activo'),
(19, 'C4R796', 4, 'activo')
ON CONFLICT (id) DO NOTHING;

SELECT setval('unidad_id_seq', (SELECT MAX(id) FROM unidad));

-- =============================================
-- DATOS: Documentos (Guías de Remisión)
-- =============================================
SET datestyle = 'ISO, DMY';
INSERT INTO documents (id, uploaded_by, mes, semana, fecha, grt, transportista, unidad, empresa, tn_enviado, deposito, tn_recibida, tn_recibida_data_cruda, ticket, grr, cliente, partida, llegada, transportado, precio_unitario, divisa, precio_final, pcosto, divisa_cost, costo_final, margen_operativo, unidad_id) VALUES
  (1, NULL, 'enero', 1, '01/01/2026', 'VVV1-550', 'ARROYO SALAZAR ANGEL TCHAIKOVSKI', 'CBT714', 'ECOTRANSPORTE', 38.35, 'LOGIMINSA', 38.44, 38.44, '01-51111', 'EG07-12805', 'PALTARUMI SAC', 'LA LIBERTAD-TRUJILLO-HUANCHACO', 'LIMA-BARRANCA-PARAMONGA', 'LOTE MINERAL', 21.00, 'dólar', 807.24, 19, 'dólar', 0, 807.24, NULL),
  (2, NULL, 'enero', 1, '01/01/2026', 'VVV1-551', 'GUTIERREZ TOLENTINO ENGILBERTO', 'BXY704', 'ECOTRANSPORTE', 33.7, 'LOGIMINSA', 33.79, 33.79, '01-51110', 'EG07-12806', 'PALTARUMI SAC', 'LA LIBERTAD-TRUJILLO-HUANCHACO', 'LIMA-BARRANCA-PARAMONGA', 'LOTE MINERAL', 21.00, 'dólar', 709.59, 19, 'dólar', 0, 709.59, NULL),
  (3, NULL, 'enero', 1, '01/01/2026', 'VVV1-552', 'VALVERDE LEON PATRICIO FELIX', 'BXX911', 'ECOTRANSPORTE', 33.51, 'LOGIMINSA', 33.57, 33.57, '01-51109/51121', 'EG07-12808', 'PALTARUMI SAC', 'LA LIBERTAD-TRUJILLO-HUANCHACO', 'LIMA-BARRANCA-PARAMONGA', 'LOTE MINERAL', 21.00, 'dólar', 704.97, 19, 'dólar', 0, 704.97, NULL),
  (4, NULL, 'enero', 1, '01/01/2026', 'VVV1-553', 'CHAVEZ HURTADO RONALD', 'BXX888', 'ECOTRANSPORTE', 33.44, 'LOGIMINSA', 33.49, 33.49, '01-51113', 'EG07-12809', 'PALTARUMI SAC', 'LA LIBERTAD-TRUJILLO-HUANCHACO', 'LIMA-BARRANCA-PARAMONGA', 'LOTE MINERAL', 21.00, 'dólar', 703.29, 19, 'dólar', 0, 703.29, NULL),
  (5, NULL, 'enero', 1, '01/01/2026', 'VVV1-554', 'LUNA HUINCHO SANTOS', 'CBS886', 'ECOTRANSPORTE', 31.54, 'LOGIMINSA', 31.6, 31.6, '01-51114', 'EG07-12810', 'PALTARUMI SAC', 'LA LIBERTAD-TRUJILLO-HUANCHACO', 'LIMA-BARRANCA-PARAMONGA', 'LOTE MINERAL', 21.00, 'dólar', 663.6, 19, 'dólar', 0, 663.6, NULL),
  (6, NULL, 'enero', 1, '03/01/2026', 'VVV1-555', 'CHAVEZ HURTADO RONALD', 'BXX888', 'ECOTRANSPORTE', 34, 'LOGIMINSA', 34, NULL, NULL, 'EG07-5781', 'MONARCA GOLD SAC', 'LA LIBERTAD-TRUJILLO-HUANCHACO', 'ANCASH-SANTA-NEPEÑA', 'MINERAL POLIMETALICO', 50.85, 'soles', 1728.813538, 35, 'soles', 0, 1728.813538, NULL),
  (7, NULL, 'enero', 1, '03/01/2026', 'VVV1-556', 'GUTIERREZ TOLENTINO ENGILBERTO', 'CBT714', 'ECOTRANSPORTE', 34, 'LOGIMINSA', 47.35, 47.35, '12209', 'EG07-5782', 'MONARCA GOLD SAC', 'LA LIBERTAD-TRUJILLO-HUANCHACO', 'ANCASH-SANTA-NEPEÑA', 'MINERAL POLIMETALICO', 50.85, 'soles', 2407.627089, 35, 'soles', 0, 2407.627089, NULL),
  (8, NULL, 'enero', 1, '03/01/2026', 'VVV1-557', 'RUBIO CASTRO MANUEL JESUS', 'BXX714', 'ECOTRANSPORTE', 34, 'LOGIMINSA', 46.17, 46.17, '12207', 'EG07-5783', 'MONARCA GOLD SAC', 'LA LIBERTAD-TRUJILLO-HUANCHACO', 'ANCASH-SANTA-NEPEÑA', 'MINERAL POLIMETALICO', 50.85, 'soles', 2347.62709, 35, 'soles', 0, 2347.62709, NULL),
  (9, NULL, 'enero', 1, '03/01/2026', 'VVV1-558', 'ESPINOZA LAVADO JULIO CESAR', 'CBS840', 'FLS', 34, 'LOGIMINSA', 46.22, 46.22, '12208', 'EG07-5784', 'MONARCA GOLD SAC', 'LA LIBERTAD-TRUJILLO-HUANCHACO', 'ANCASH-SANTA-NEPEÑA', 'MINERAL POLIMETALICO', 50.85, 'soles', 2350.169463, 35, 'soles', 1617.7, 732.4694625, NULL),
  (10, NULL, 'enero', 1, '03/01/2026', 'VVV1-559', 'VALVERDE LEON PATRICIO FELIX', 'BXX911', 'ECOTRANSPORTE', 38.69, 'LOGIMINSA', 38.8, 38.8, '01-51140/51147/51146/51145/51144', 'EG07-12817', 'PALTARUMI SAC', 'LA LIBERTAD-TRUJILLO-HUANCHACO', 'LIMA-BARRANCA-PARAMONGA', 'LOTE MINERAL', 21.00, 'dólar', 814.8, 19, 'dólar', 0, 814.8, NULL),
  (11, NULL, 'enero', 1, '04/01/2026', 'VVV1-560', 'CASTAÑEDA MUÑOZ DANIEL', 'CBT714', 'ECOTRANSPORTE', 34.41, 'LOGIMINSA', 34.41, 34.41, 'TK26-52366', 'EG07-7763', 'ECO GOLD SAC', 'LIMA-BARRANCA-PARAMONGA', 'CALLAO-CALLAO-VENTANILLA', 'CONCENTRADO DE AU', 23.00, 'dólar', 791.43, 20.5, 'dólar', 0, 791.43, NULL),
  (12, NULL, 'enero', 1, '04/01/2026', 'VVV1-561', 'DADO DE BAJA', NULL, 'NO REGISTRADA', NULL, NULL, NULL, NULL, NULL, 'EG07-7764', NULL, NULL, NULL, NULL, NULL, NULL, NULL, NULL, NULL, NULL, NULL, NULL),
  (13, NULL, 'enero', 1, '04/01/2026', 'VVV1-562', 'TADEO TRINIDAD CONSTANTINO ABAD', 'ARE770', 'EMNA', 36.15, 'LOGIMINSA', 36.13, 36.13, 'TK26-52360', 'EG07-7754', 'ECO GOLD SAC', 'LIMA-BARRANCA-PARAMONGA', 'CALLAO-CALLAO-VENTANILLA', 'CONCENTRADO DE AU', 23.00, 'dólar', 830.99, 20.5, 'dólar', 740.665, 90.325, NULL),
  (14, NULL, 'enero', 1, '04/01/2026', 'VVV1-563', 'MELGAR BONILLA ALEX RODOLFO', 'T5Z850', 'EMNA', 36.73, 'LOGIMINSA', 36.74, 36.74, 'TK26-52359', 'EG07-7755', 'ECO GOLD SAC', 'LIMA-BARRANCA-PARAMONGA', 'CALLAO-CALLAO-VENTANILLA', 'CONCENTRADO DE AU', 23.00, 'dólar', 845.02, 20.5, 'dólar', 753.17, 91.85, NULL),
  (15, NULL, 'enero', 1, '04/01/2026', 'VVV1-564', 'ONOFRE TINCO CRISTOBAL', 'F0I738', 'EMNA', 36.06, 'LOGIMINSA', 36.01, 36.01, 'TK26-52361', 'EG07-7756', 'ECO GOLD SAC', 'LIMA-BARRANCA-PARAMONGA', 'CALLAO-CALLAO-VENTANILLA', 'CONCENTRADO DE AU', 23.00, 'dólar', 828.23, 20.5, 'dólar', 738.205, 90.025, NULL),
  (16, NULL, 'enero', 1, '04/01/2026', 'VVV1-565', 'ROSALES CAYSAHUANA JAMES NINO', 'AWW898', 'EMNA', 36.3, 'LOGIMINSA', 36.29, 36.29, 'TK26-52362', 'EG07-7757', 'ECO GOLD SAC', 'LIMA-BARRANCA-PARAMONGA', 'CALLAO-CALLAO-VENTANILLA', 'CONCENTRADO DE AU', 23.00, 'dólar', 834.67, 20.5, 'dólar', 743.945, 90.725, NULL),
  (17, NULL, 'enero', 1, '04/01/2026', 'VVV1-566', 'FLORES MATOS DANIEL MARCOS', 'BYF728', 'EMNA', 33.9, 'LOGIMINSA', 33.83, 33.83, 'TK26-52365', 'EG07-7758', 'ECO GOLD SAC', 'LIMA-BARRANCA-PARAMONGA', 'CALLAO-CALLAO-VENTANILLA', 'CONCENTRADO DE AU', 23.00, 'dólar', 778.09, 20.5, 'dólar', 693.515, 84.575, NULL),
  (18, NULL, 'enero', 1, '04/01/2026', 'VVV1-567', 'CHAVEZ HURTADO RONALD', 'BXX888', 'ECOTRANSPORTE', 34.31, 'LOGIMINSA', 34.29, 34.29, 'TK26-52353', 'EG07-7759', 'ECO GOLD SAC', 'LIMA-BARRANCA-PARAMONGA', 'CALLAO-CALLAO-VENTANILLA', 'CONCENTRADO DE AU', 23.00, 'dólar', 788.67, 20.5, 'dólar', 0, 788.67, NULL),
  (19, NULL, 'enero', 1, '04/01/2026', 'VVV1-568', 'LUNA HUINCHO SANTOS', 'CBS886', 'ECOTRANSPORTE', 34.33, 'LOGIMINSA', 34.33, 34.33, 'TK26-52356', 'EG07-7760', 'ECO GOLD SAC', 'LIMA-BARRANCA-PARAMONGA', 'CALLAO-CALLAO-VENTANILLA', 'CONCENTRADO DE AU', 23.00, 'dólar', 789.59, 20.5, 'dólar', 0, 789.59, NULL),
  (20, NULL, 'enero', 1, '04/01/2026', 'VVV1-569', 'RUBIO CASTRO MANUEL JESUS', 'BXX714', 'ECOTRANSPORTE', 34.39, 'LOGIMINSA', 34.37, 34.37, 'TK26-52354', 'EG07-7761', 'ECO GOLD SAC', 'LIMA-BARRANCA-PARAMONGA', 'CALLAO-CALLAO-VENTANILLA', 'CONCENTRADO DE AU', 23.00, 'dólar', 790.51, 20.5, 'dólar', 0, 790.51, NULL),
  (21, NULL, 'enero', 1, '04/01/2026', 'VVV1-570', 'ARROYO SALAZAR ANGEL TCHAIKOVSKI', 'BXY704', 'ECOTRANSPORTE', 35.61, 'LOGIMINSA', 35.58, 35.58, 'TK26-52364', 'EG07-7762', 'ECO GOLD SAC', 'LIMA-BARRANCA-PARAMONGA', 'CALLAO-CALLAO-VENTANILLA', 'CONCENTRADO DE AU', 23.00, 'dólar', 818.34, 20.5, 'dólar', 0, 818.34, NULL),
  (22, NULL, 'enero', 1, '04/01/2026', 'VVV1-571', 'ESPINOZA LAVADO JULIO CESAR', 'CBS840', 'FLS', 34.16, 'LOGIMINSA', 34.12, 34.12, 'TK26-52368', 'EG07-7765', 'ECO GOLD SAC', 'LIMA-BARRANCA-PARAMONGA', 'CALLAO-CALLAO-VENTANILLA', 'CONCENTRADO DE AU', 23.00, 'dólar', 784.76, 20.5, 'dólar', 699.46, 85.3, NULL),
  (23, NULL, 'enero', 2, '05/01/2026', 'VVV1-572', 'GUTIERREZ TOLENTINO ENGILBERTO', 'BXX911', 'ECOTRANSPORTE', 38.37, 'LOGIMINSA', 38.41, 38.41, '01-51189/51198/51200', 'EG07-12835', 'PALTARUMI SAC', 'LA LIBERTAD-TRUJILLO-HUANCHACO', 'LIMA-BARRANCA-PARAMONGA', 'LOTE MINERAL', 21.00, 'dólar', 806.61, 19, 'dólar', 0, 806.61, NULL),
  (24, NULL, 'enero', 2, '06/01/2026', 'VVV1-573', 'ROMERO BONILLA VICTOR RAUL', 'F0I738', 'EMNA', 35.82, 'LOGIMINSA', 35.77, 35.77, 'TK26-52463', 'EG07-7777', 'ECO GOLD SAC', 'LIMA-BARRANCA-PARAMONGA', 'CALLAO-CALLAO-VENTANILLA', 'CONCENTRADO DE AU', 23.00, 'dólar', 822.71, 20.5, 'dólar', 733.285, 89.425, NULL),
  (25, NULL, 'enero', 2, '06/01/2026', 'VVV1-574', 'LUNA HUINCHO SANTOS', 'CBS886', 'ECOTRANSPORTE', 34.4, 'LOGIMINSA', 34.35, 34.35, 'TK26-52469', 'EG07-7778', 'ECO GOLD SAC', 'LIMA-BARRANCA-PARAMONGA', 'CALLAO-CALLAO-VENTANILLA', 'CONCENTRADO DE AU', 23.00, 'dólar', 790.05, 20.5, 'dólar', 0, 790.05, NULL),
  (26, NULL, 'enero', 2, '06/01/2026', 'VVV1-575', 'ONOFRE TINCO CRISTOBAL', 'BYF728', 'EMNA', 33.84, 'LOGIMINSA', 33.78, 33.78, 'TK26-52467', 'EG07-7779', 'ECO GOLD SAC', 'LIMA-BARRANCA-PARAMONGA', 'CALLAO-CALLAO-VENTANILLA', 'CONCENTRADO DE AU', 23.00, 'dólar', 776.94, 20.5, 'dólar', 692.49, 84.45, NULL),
  (27, NULL, 'enero', 2, '06/01/2026', 'VVV1-576', 'TADEO TRINIDAD CONSTANTINO ABAD', 'ARE770', 'EMNA', 36.2, 'LOGIMINSA', 36.21, 36.21, 'TK26-52464', 'EG07-7780', 'ECO GOLD SAC', 'LIMA-BARRANCA-PARAMONGA', 'CALLAO-CALLAO-VENTANILLA', 'CONCENTRADO DE AU', 23.00, 'dólar', 832.83, 20.5, 'dólar', 742.305, 90.525, NULL),
  (28, NULL, 'enero', 2, '06/01/2026', 'VVV1-577', 'RUBIO CASTRO MANUEL JESUS', 'BXX714', 'ECOTRANSPORTE', 34.31, 'LOGIMINSA', 34.3, 34.3, 'TK26-52470', 'EG07-7782', 'ECO GOLD SAC', 'LIMA-BARRANCA-PARAMONGA', 'CALLAO-CALLAO-VENTANILLA', 'CONCENTRADO DE AU', 23.00, 'dólar', 788.9, 20.5, 'dólar', 0, 788.9, NULL),
  (29, NULL, 'enero', 2, '06/01/2026', 'VVV1-578', 'ROSALES CAYSAHUANA JAMES NINO', 'AWW898', 'EMNA', 36.13, 'LOGIMINSA', 36.06, 36.06, 'TK26-52471', 'EG07-7783', 'ECO GOLD SAC', 'LIMA-BARRANCA-PARAMONGA', 'CALLAO-CALLAO-VENTANILLA', 'CONCENTRADO DE AU', 23.00, 'dólar', 829.38, 20.5, 'dólar', 739.23, 90.15, NULL),
  (30, NULL, 'enero', 2, '06/01/2026', 'VVV1-579', 'CHAVEZ HURTADO RONALD', 'BXX888', 'ECOTRANSPORTE', 34.23, 'LOGIMINSA', 34.21, 34.21, 'TK26-52472', 'EG07-7784', 'ECO GOLD SAC', 'LIMA-BARRANCA-PARAMONGA', 'CALLAO-CALLAO-VENTANILLA', 'CONCENTRADO DE AU', 23.00, 'dólar', 786.83, 20.5, 'dólar', 0, 786.83, NULL),
  (31, NULL, 'enero', 2, '06/01/2026', 'VVV1-580', 'CASTAÑEDA MUÑOZ DANIEL', 'CBT714', 'ECOTRANSPORTE', 34.4, 'LOGIMINSA', 52.62, 52.62, 'TK26-52477', 'EG07-7787', 'ECO GOLD SAC', 'LIMA-BARRANCA-PARAMONGA', 'CALLAO-CALLAO-VENTANILLA', 'CONCENTRADO DE AU', 23.00, 'dólar', 1210.26, 20.5, 'dólar', 0, 1210.26, NULL),
  (32, NULL, 'enero', 2, '06/01/2026', 'VVV1-581', 'DADO DE BAJA', NULL, 'NO REGISTRADA', NULL, NULL, NULL, NULL, NULL, 'EG07-7785', NULL, NULL, NULL, NULL, NULL, NULL, NULL, NULL, NULL, NULL, NULL, NULL),
  (33, NULL, 'enero', 2, '06/01/2026', 'VVV1-582', 'ARROYO SALAZAR ANGEL TCHAIKOVSKI', 'BXY704', 'ECOTRANSPORTE', 35.72, 'LOGIMINSA', 35.7, 35.7, 'TK26-52478', 'EG07-7786', 'ECO GOLD SAC', 'LIMA-BARRANCA-PARAMONGA', 'CALLAO-CALLAO-VENTANILLA', 'CONCENTRADO DE AU', 23.00, 'dólar', 821.1, 20.5, 'dólar', 0, 821.1, NULL),
  (34, NULL, 'enero', 2, '06/01/2026', 'VVV1-583', 'ESPINOZA LAVADO JULIO CESAR', 'CBS840', 'FLS', 34.07, 'LOGIMINSA', 34.07, NULL, NULL, 'EG07-7785', 'ECO GOLD SAC', 'LIMA-BARRANCA-PARAMONGA', 'CALLAO-CALLAO-VENTANILLA', 'CONCENTRADO DE AU', 23.00, 'dólar', 783.61, 20.5, 'dólar', 698.435, 85.175, NULL),
  (35, NULL, 'enero', 2, '07/01/2026', 'VVV1-584', 'MELGAR BONILLA ALEX RODOLFO', 'T5Z850', 'EMNA', 36.65, 'LOGIMINSA', 36.63, 36.63, 'TK26-52551', 'EG07-7803', 'ECO GOLD SAC', 'LIMA-BARRANCA-PARAMONGA', 'CALLAO-CALLAO-VENTANILLA', 'CONCENTRADO DE AU', 23.00, 'dólar', 842.49, 20.5, 'dólar', 750.915, 91.575, NULL),
  (36, NULL, 'enero', 2, '07/01/2026', 'VVV1-585', 'GUTIERREZ TOLENTINO ENGILBERTO', 'BXX911', 'ECOTRANSPORTE', 34.26, 'LOGIMINSA', 34.3, 34.3, '01-51230', 'EG07-12852', 'PALTARUMI SAC', 'LA LIBERTAD-TRUJILLO-HUANCHACO', 'LIMA-BARRANCA-PARAMONGA', 'LOTE MINERAL', 21.00, 'dólar', 720.3, 19, 'dólar', 0, 720.3, NULL),
  (37, NULL, 'enero', 2, '07/01/2026', 'VVV1-586', 'CHAVEZ HURTADO RONALD', 'BXX888', 'ECOTRANSPORTE', 38.09, 'IMPALA', 38.13, 38.13, NULL, 'T001-310', 'NUKLEO PERU SAC', 'LIMA-LIMA-PUENTE PIEDRA', 'CALLAO-CALLAO-CALLAO', 'CONCENTRADO DE ORO', 99.00, 'soles', 3774.87, 98, 'soles', 0, 3774.87, NULL),
  (38, NULL, 'enero', 2, '07/01/2026', 'VVV1-587', 'RUBIO CASTRO MANUEL JESUS', 'BXX714', 'ECOTRANSPORTE', 35.91, 'IMPALA', 36.12, 36.12, NULL, 'T001-311', 'NUKLEO PERU SAC', 'LIMA-LIMA-PUENTE PIEDRA', 'CALLAO-CALLAO-CALLAO', 'CONCENTRADO DE ORO', 99.00, 'soles', 3575.88, 98, 'soles', 0, 3575.88, NULL),
  (39, NULL, 'enero', 2, '07/01/2026', 'VVV1-588', 'ARROYO SALAZAR ANGEL TCHAIKOVSKI', 'BXY704', 'ECOTRANSPORTE', 34.56, 'IMPALA', 34.68, 34.68, NULL, 'T001-788', 'PAY METAL TRADING SAC', 'LIMA-LIMA-PUENTE PIEDRA', 'CALLAO-CALLAO-CALLAO', 'CONCENTRADO DE ZINC', NULL, NULL, NULL, NULL, NULL, 0, NULL, NULL),
  (40, NULL, 'enero', 2, '07/01/2026', 'VVV1-589', 'CASTAÑEDA MUÑOZ DANIEL', 'CBT714', 'ECOTRANSPORTE', 41.42, 'IMPALA', 41.57, 41.57, NULL, 'T001-312', 'NUKLEO PERU SAC', 'LIMA-LIMA-PUENTE PIEDRA', 'CALLAO-CALLAO-CALLAO', 'CONCENTRADO DE ORO', 99.00, 'soles', 4115.43, 98, 'soles', 0, 4115.43, NULL),
  (41, NULL, 'enero', 2, '07/01/2026', 'VVV1-590', 'ESPINOZA LAVADO JULIO CESAR', 'CBS840', 'FLS', 34.71, 'IMPALA', 34.85, 34.85, NULL, 'T001-789', 'PAY METAL TRADING SAC', 'LIMA-LIMA-PUENTE PIEDRA', 'CALLAO-CALLAO-CALLAO', 'CONCENTRADO DE COBRE', NULL, NULL, NULL, NULL, NULL, NULL, NULL, NULL),
  (42, NULL, 'enero', 2, '07/01/2026', 'VVV1-591', 'LUNA HUINCHO SANTOS', 'CBS886', 'ECOTRANSPORTE', 30.9, 'IMPALA', 31.09, 31.09, NULL, 'T001-790', 'PAY METAL TRADING SAC', 'LIMA-LIMA-PUENTE PIEDRA', 'CALLAO-CALLAO-CALLAO', 'CONCENTRADO DE COBRE', NULL, NULL, NULL, NULL, NULL, 0, NULL, NULL),
  (43, NULL, 'enero', 2, '09/01/2026', 'VVV1-592', 'LUNA HUINCHO SANTOS', 'CBS886', 'ECOTRANSPORTE', 39.85, 'LOGIMINSA', 39.95, 39.95, '5-233', 'EG07-7818', 'ECO GOLD SAC', 'ANCASH-HUARMEY-HUARMEY', 'LIMA-BARRANCA-PARAMONGA', 'MINERAL POLIMETALICO', 3.00, 'dólar', 119.85, 2, 'dólar', 0, 119.85, NULL),
  (44, NULL, 'enero', 2, '09/01/2026', 'VVV1-593', 'VALVERDE LEON PATRICIO FELIX', 'BXX911', 'ECOTRANSPORTE', 42.41, 'LOGIMINSA', 42.54, 42.54, '01-51277/51273', 'EG07-12870', 'PALTARUMI SAC', 'LA LIBERTAD-TRUJILLO-HUANCHACO', 'LIMA-BARRANCA-PARAMONGA', 'LOTE MINERAL', 21.00, 'dólar', 893.34, 19, 'dólar', 0, 893.34, NULL),
  (45, NULL, 'enero', 2, '09/01/2026', 'VVV1-594', 'RUBIO CASTRO MANUEL JESUS', 'BXX714', 'ECOTRANSPORTE', 39.78, 'LOGIMINSA', 40, 40, '5-234', 'EG07-7819', 'ECO GOLD SAC', 'ANCASH-HUARMEY-HUARMEY', 'LIMA-BARRANCA-PARAMONGA', 'MINERAL POLIMETALICO', 3.00, 'dólar', 120, 2, 'dólar', 0, 120, NULL),
  (46, NULL, 'enero', 2, '09/01/2026', 'VVV1-595', 'CASTAÑEDA MUÑOZ DANIEL', 'CBT714', 'ECOTRANSPORTE', 50.53, 'LOGIMINSA', 50.76, 50.76, '5-236', 'EG07-7820', 'ECO GOLD SAC', 'ANCASH-HUARMEY-HUARMEY', 'LIMA-BARRANCA-PARAMONGA', 'MINERAL POLIMETALICO', 3.00, 'dólar', 152.28, 2, 'dólar', 0, 152.28, NULL),
  (47, NULL, 'enero', 2, '09/01/2026', 'VVV1-596', 'GUTIERREZ TOLENTINO ENGILBERTO', 'BXX888', 'ECOTRANSPORTE', 48.88, 'LOGIMINSA', 48.98, 48.98, '5-235', 'EG07-7821', 'ECO GOLD SAC', 'ANCASH-HUARMEY-HUARMEY', 'LIMA-BARRANCA-PARAMONGA', 'MINERAL POLIMETALICO', 3.00, 'dólar', 146.94, 2, 'dólar', 0, 146.94, NULL),
  (48, NULL, 'enero', 2, '10/01/2026', 'VVV1-597', 'VEGA NIETO MIGUEL ANGEL', 'BXY704', 'ECOTRANSPORTE', 38.11, 'LOGIMINSA', 38.24, 38.24, '01-51292/51285', 'EG07-12877', 'PALTARUMI SAC', 'LA LIBERTAD-TRUJILLO-HUANCHACO', 'LIMA-BARRANCA-PARAMONGA', 'LOTE MINERAL', 21.00, 'dólar', 803.04, 19, 'dólar', 0, 803.04, NULL),
  (49, NULL, 'enero', 2, '10/01/2026', 'VVV1-598', 'CASTAÑEDA MUÑOZ DANIEL', 'CBT714', 'ECOTRANSPORTE', 35.92, 'LOGIMINSA', 36, 36, '01-51288', 'EG07-12878', 'PALTARUMI SAC', 'LA LIBERTAD-TRUJILLO-HUANCHACO', 'LIMA-BARRANCA-PARAMONGA', 'LOTE MINERAL', 21.00, 'dólar', 756, 19, 'dólar', 0, 756, NULL),
  (50, NULL, 'enero', 2, '10/01/2026', 'VVV1-599', 'LUNA HUINCHO SANTOS', 'CBS886', 'ECOTRANSPORTE', 31.05, 'LOGIMINSA', 31.09, 31.09, '01-51287', 'EG07-12880', 'PALTARUMI SAC', 'LA LIBERTAD-TRUJILLO-HUANCHACO', 'LIMA-BARRANCA-PARAMONGA', 'LOTE MINERAL', 21.00, 'dólar', 652.89, 19, 'dólar', 0, 652.89, NULL),
  (51, NULL, 'enero', 2, '10/01/2026', 'VVV1-600', 'ESPINOZA LAVADO JULIO CESAR', 'CBS840', 'FLS', 34.25, 'LOGIMINSA', 34.39, 34.39, '01-51286', 'EG07-12881', 'PALTARUMI SAC', 'LA LIBERTAD-TRUJILLO-HUANCHACO', 'LIMA-BARRANCA-PARAMONGA', 'LOTE MINERAL', 21.00, 'dólar', 722.19, 19, 'dólar', 653.41, 68.78, NULL),
  (52, NULL, 'enero', 2, '11/01/2026', 'VVV1-601', 'RUBIO CASTRO MANUEL JESUS', 'BXX714', 'ECOTRANSPORTE', 31.66, 'LOGIMINSA', 31.68, 31.68, '01-51299', 'EG07-12889', 'PALTARUMI SAC', 'LA LIBERTAD-TRUJILLO-HUANCHACO', 'LIMA-BARRANCA-PARAMONGA', 'LOTE MINERAL', 21.00, 'dólar', 665.28, 19, 'dólar', 0, 665.28, NULL),
  (53, NULL, 'enero', 2, '11/01/2026', 'VVV1-602', 'GUTIERREZ TOLENTINO ENGILBERTO', 'BXX888', 'ECOTRANSPORTE', 36.04, 'LOGIMINSA', 36.11, 36.11, '01-51298', 'EG07-12888', 'PALTARUMI SAC', 'LA LIBERTAD-TRUJILLO-HUANCHACO', 'LIMA-BARRANCA-PARAMONGA', 'LOTE MINERAL', 21.00, 'dólar', 758.31, 19, 'dólar', 0, 758.31, NULL),
  (54, NULL, 'enero', 2, '11/01/2026', 'VVV1-603', 'VALVERDE LEON PATRICIO FELIX', 'BXX911', 'ECOTRANSPORTE', 37.66, 'LOGIMINSA', 37.68, 37.68, '01-51300/51302/51303', 'EG07-12887', 'PALTARUMI SAC', 'LA LIBERTAD-TRUJILLO-HUANCHACO', 'LIMA-BARRANCA-PARAMONGA', 'LOTE MINERAL', 21.00, 'dólar', 791.28, 19, 'dólar', 0, 791.28, NULL),
  (55, NULL, 'enero', 3, '12/01/2026', 'VVV1-604', 'GUTIERREZ TOLENTINO ENGILBERTO', 'BXX888', 'ECOTRANSPORTE', 34.28, 'LOGIMINSA', 34.27, 34.27, 'TK26-52954', 'EG07-7846', 'ECO GOLD SAC', 'LIMA-BARRANCA-PARAMONGA', 'CALLAO-CALLAO-VENTANILLA', 'CONCENTRADO DE AU', 23.00, 'dólar', 788.21, 20.5, 'dólar', 0, 788.21, NULL),
  (56, NULL, 'enero', 3, '12/01/2026', 'VVV1-605', 'ROMERO BONILLA VICTOR RAUL', 'F0I738', 'EMNA', 36.07, 'LOGIMINSA', 36.04, 36.04, 'TK26-52927', 'EG07-7836', 'ECO GOLD SAC', 'LIMA-BARRANCA-PARAMONGA', 'CALLAO-CALLAO-VENTANILLA', 'CONCENTRADO DE AU', 23.00, 'dólar', 828.92, 20.5, 'dólar', 738.82, 90.1, NULL),
  (57, NULL, 'enero', 3, '12/01/2026', 'VVV1-606', 'TADEO TRINIDAD CONSTANTINO ABAD', 'ARE770', 'EMNA', 36.14, 'LOGIMINSA', 36.13, 36.13, 'TK26-52928', 'EG07-7837', 'ECO GOLD SAC', 'LIMA-BARRANCA-PARAMONGA', 'CALLAO-CALLAO-VENTANILLA', 'CONCENTRADO DE AU', 23.00, 'dólar', 830.99, 20.5, 'dólar', 740.665, 90.325, NULL),
  (58, NULL, 'enero', 3, '12/01/2026', 'VVV1-607', 'MELGAR BONILLA ALEX RODOLFO', 'T5Z850', 'EMNA', 36.8, 'LOGIMINSA', 36.78, 36.78, 'TK26-52931', 'EG07-7838', 'ECO GOLD SAC', 'LIMA-BARRANCA-PARAMONGA', 'CALLAO-CALLAO-VENTANILLA', 'CONCENTRADO DE AU', 23.00, 'dólar', 845.94, 20.5, 'dólar', 753.99, 91.95, NULL),
  (59, NULL, 'enero', 3, '12/01/2026', 'VVV1-608', 'ROSALES CAYSAHUANA JAMES NINO', 'AWW898', 'EMNA', 36.3, 'LOGIMINSA', 36.29, 36.29, 'TK26-52930', 'EG07-7839', 'ECO GOLD SAC', 'LIMA-BARRANCA-PARAMONGA', 'CALLAO-CALLAO-VENTANILLA', 'CONCENTRADO DE AU', 23.00, 'dólar', 834.67, 20.5, 'dólar', 743.945, 90.725, NULL),
  (60, NULL, 'enero', 3, '12/01/2026', 'VVV1-609', 'FLORES MATOS DANIEL MARCOS', 'BYF728', 'EMNA', 34.01, 'LOGIMINSA', 33.98, 33.98, 'TK26-52932', 'EG07-7840', 'ECO GOLD SAC', 'LIMA-BARRANCA-PARAMONGA', 'CALLAO-CALLAO-VENTANILLA', 'CONCENTRADO DE AU', 23.00, 'dólar', 781.54, 20.5, 'dólar', 696.59, 84.95, NULL),
  (61, NULL, 'enero', 3, '12/01/2026', 'VVV1-610', 'VEGA NIETO MIGUEL ANGEL', 'BXY704', 'ECOTRANSPORTE', 35.66, 'LOGIMINSA', 35.63, 35.63, 'TK26-52934', 'EG07-7841', 'ECO GOLD SAC', 'LIMA-BARRANCA-PARAMONGA', 'CALLAO-CALLAO-VENTANILLA', 'CONCENTRADO DE AU', 23.00, 'dólar', 819.49, 20.5, 'dólar', 0, 819.49, NULL),
  (62, NULL, 'enero', 3, '12/01/2026', 'VVV1-611', 'CASTAÑEDA MUÑOZ DANIEL', 'CBT714', 'ECOTRANSPORTE', 34.43, 'LOGIMINSA', 34.43, 34.43, 'TK26-52951', 'EG07-7842', 'ECO GOLD SAC', 'LIMA-BARRANCA-PARAMONGA', 'CALLAO-CALLAO-VENTANILLA', 'CONCENTRADO DE AU', 23.00, 'dólar', 791.89, 20.5, 'dólar', 0, 791.89, NULL),
  (63, NULL, 'enero', 3, '12/01/2026', 'VVV1-612', 'RUBIO CASTRO MANUEL JESUS', 'BXX714', 'ECOTRANSPORTE', 34.35, 'LOGIMINSA', 34.32, 34.32, 'TK25', 'EG07-7843', 'ECO GOLD SAC', 'LIMA-BARRANCA-PARAMONGA', 'CALLAO-CALLAO-VENTANILLA', 'CONCENTRADO DE AU', 23.00, 'dólar', 789.36, 20.5, 'dólar', 0, 789.36, NULL),
  (64, NULL, 'enero', 3, '12/01/2026', 'VVV1-613', 'LUNA HUINCHO SANTOS', 'CBS886', 'ECOTRANSPORTE', 34.34, 'LOGIMINSA', 34.32, 34.32, 'TK26-52956', 'EG07-7844', 'ECO GOLD SAC', 'LIMA-BARRANCA-PARAMONGA', 'CALLAO-CALLAO-VENTANILLA', 'CONCENTRADO DE AU', 23.00, 'dólar', 789.36, 20.5, 'dólar', 0, 789.36, NULL),
  (65, NULL, 'enero', 3, '12/01/2026', 'VVV1-614', 'ESPINOZA LAVADO JULIO CESAR', 'CBS840', 'FLS', 34.09, 'LOGIMINSA', 34.06, 34.06, 'TK26-52957', 'EG07-7845', 'ECO GOLD SAC', 'LIMA-BARRANCA-PARAMONGA', 'CALLAO-CALLAO-VENTANILLA', 'CONCENTRADO DE AU', 23.00, 'dólar', 783.38, 20.5, 'dólar', 698.23, 85.15, NULL),
  (66, NULL, 'enero', 3, '13/01/2026', 'VVV1-615', 'VALVERDE LEON PATRICIO FELIX', 'BXX911', 'ECOTRANSPORTE', 33.08, 'LOGIMINSA', 33.19, 33.19, '01-51330', 'EG07-12911', 'PALTARUMI SAC', 'LA LIBERTAD-TRUJILLO-HUANCHACO', 'LIMA-BARRANCA-PARAMONGA', 'LOTE MINERAL', 21.00, 'dólar', 696.99, 19, 'dólar', 0, 696.99, NULL),
  (67, NULL, 'enero', 3, '14/01/2026', 'VVV1-616', 'MELGAR BONILLA ALEX RODOLFO', 'T5Z850', 'EMNA', 36.4, 'LOGIMINSA', 36.42, 36.42, 'TK26-53159', 'EG07-7874', 'ECO GOLD SAC', 'LIMA-BARRANCA-PARAMONGA', 'CALLAO-CALLAO-VENTANILLA', 'CONCENTRADO DE AU', 23.00, 'dólar', 837.66, 20.5, 'dólar', 746.61, 91.05, NULL),
  (68, NULL, 'enero', 3, '14/01/2026', 'VVV1-617', 'FLORES MATOS DANIEL MARCOS', 'BYF728', 'EMNA', 33.76, 'LOGIMINSA', 33.81, 33.81, 'TK26-53157', 'EG07-7873', 'ECO GOLD SAC', 'LIMA-BARRANCA-PARAMONGA', 'CALLAO-CALLAO-VENTANILLA', 'CONCENTRADO DE AU', 23.00, 'dólar', 777.63, 20.5, 'dólar', 693.105, 84.525, NULL),
  (69, NULL, 'enero', 3, '14/01/2026', 'VVV1-618', 'ROMERO BONILLA VICTOR RAUL', 'F0I738', 'EMNA', 35.8, 'LOGIMINSA', 35.78, 35.78, 'TK26-53145', 'EG07-7864', 'ECO GOLD SAC', 'LIMA-BARRANCA-PARAMONGA', 'CALLAO-CALLAO-VENTANILLA', 'CONCENTRADO DE AU', 23.00, 'dólar', 822.94, 20.5, 'dólar', 733.49, 89.45, NULL),
  (70, NULL, 'enero', 3, '14/01/2026', 'VVV1-619', 'TADEO TRINIDAD CONSTANTINO ABAD', 'ARE770', 'EMNA', 35.81, 'LOGIMINSA', 35.8, 35.8, 'TK26-53146', 'EG07-7865', 'ECO GOLD SAC', 'LIMA-BARRANCA-PARAMONGA', 'CALLAO-CALLAO-VENTANILLA', 'CONCENTRADO DE AU', 23.00, 'dólar', 823.4, 20.5, 'dólar', 733.9, 89.5, NULL),
  (71, NULL, 'enero', 3, '14/01/2026', 'VVV1-620', 'DADO DE BAJA', NULL, 'NO REGISTRADA', NULL, NULL, NULL, NULL, NULL, 'EG07-7866', NULL, NULL, NULL, NULL, NULL, NULL, NULL, NULL, NULL, NULL, NULL, NULL),
  (72, NULL, 'enero', 3, '14/01/2026', 'VVV1-621', 'VEGA NIETO MIGUEL ANGEL', 'BXX888', 'ECOTRANSPORTE', 34.17, 'LOGIMINSA', 34.17, 34.17, 'TK26-53148', 'EG07-7867', 'ECO GOLD SAC', 'LIMA-BARRANCA-PARAMONGA', 'CALLAO-CALLAO-VENTANILLA', 'CONCENTRADO DE AU', 23.00, 'dólar', 785.91, 20.5, 'dólar', 0, 785.91, NULL),
  (73, NULL, 'enero', 3, '14/01/2026', 'VVV1-622', 'CASTAÑEDA MUÑOZ DANIEL', 'CBT714', 'ECOTRANSPORTE', 34.15, 'LOGIMINSA', 34.16, 34.16, 'TK26-53149', 'EG07-7868', 'ECO GOLD SAC', 'LIMA-BARRANCA-PARAMONGA', 'CALLAO-CALLAO-VENTANILLA', 'CONCENTRADO DE AU', 23.00, 'dólar', 785.68, 20.5, 'dólar', 0, 785.68, NULL),
  (74, NULL, 'enero', 3, '14/01/2026', 'VVV1-623', 'DADO DE BAJA', NULL, 'NO REGISTRADA', NULL, NULL, NULL, NULL, NULL, 'EG07-7869', NULL, NULL, NULL, NULL, NULL, NULL, NULL, NULL, NULL, NULL, NULL, NULL),
  (75, NULL, 'enero', 3, '14/01/2026', 'VVV1-624', 'ESPINOZA LAVADO JULIO CESAR', 'CBS840', 'FLS', 34.06, 'LOGIMINSA', 34.08, 34.08, 'TK26-53151', 'EG07-7870', 'ECO GOLD SAC', 'LIMA-BARRANCA-PARAMONGA', 'CALLAO-CALLAO-VENTANILLA', 'CONCENTRADO DE AU', 23.00, 'dólar', 783.84, 20.5, 'dólar', 698.64, 85.2, NULL),
  (76, NULL, 'enero', 3, '14/01/2026', 'VVV1-625', 'VALVERDE LEON PATRICIO FELIX', 'CBS886', 'ECOTRANSPORTE', 34.06, 'LOGIMINSA', 34.07, 34.07, 'TK26-53152', 'EG07-7871', 'ECO GOLD SAC', 'LIMA-BARRANCA-PARAMONGA', 'CALLAO-CALLAO-VENTANILLA', 'CONCENTRADO DE AU', 23.00, 'dólar', 783.61, 20.5, 'dólar', 0, 783.61, NULL),
  (77, NULL, 'enero', 3, '14/01/2026', 'VVV1-626', 'ROSALES CAYSAHUANA JAMES NINO', 'AWW898', 'EMNA', 36.13, 'LOGIMINSA', 36.14, 36.14, 'TK26-53154', 'EG07-7872', 'ECO GOLD SAC', 'LIMA-BARRANCA-PARAMONGA', 'CALLAO-CALLAO-VENTANILLA', 'CONCENTRADO DE AU', 23.00, 'dólar', 831.22, 20.5, 'dólar', 740.87, 90.35, NULL),
  (78, NULL, 'enero', 3, '14/01/2026', 'VVV1-627', 'RUBIO CASTRO MANUEL JESUS', 'BXX714', 'ECOTRANSPORTE', 34.05, 'LOGIMINSA', 34.06, 34.06, 'TK26-53147', 'EG07-7866', 'ECO GOLD SAC', 'LIMA-BARRANCA-PARAMONGA', 'CALLAO-CALLAO-VENTANILLA', 'CONCENTRADO DE AU', 23.00, 'dólar', 783.38, 20.5, 'dólar', 0, 783.38, NULL),
  (79, NULL, 'enero', 3, '14/01/2026', 'VVV1-628', 'ARROYO SALAZAR ANGEL TCHAIKOVSKI', 'BXY704', 'ECOTRANSPORTE', 35.44, 'LOGIMINSA', 35.45, 35.45, 'TK26-53150', 'EG07-7869', 'ECO GOLD SAC', 'LIMA-BARRANCA-PARAMONGA', 'CALLAO-CALLAO-VENTANILLA', 'CONCENTRADO DE AU', 23.00, 'dólar', 815.35, 20.5, 'dólar', 0, 815.35, NULL),
  (80, NULL, 'enero', 3, '15/01/2026', 'VVV1-629', 'DADO DE BAJA', NULL, 'NO REGISTRADA', NULL, NULL, NULL, NULL, NULL, 'EG07-12924', NULL, NULL, NULL, NULL, NULL, NULL, NULL, NULL, NULL, NULL, NULL, NULL),
  (81, NULL, 'enero', 3, '15/01/2026', 'VVV1-630', 'DADO DE BAJA', NULL, 'NO REGISTRADA', NULL, NULL, NULL, NULL, NULL, 'EG07-12924', NULL, NULL, NULL, NULL, NULL, NULL, NULL, NULL, NULL, NULL, NULL, NULL),
  (82, NULL, 'enero', 3, '15/01/2026', 'VVV1-631', 'CHAVEZ HURTADO RONALD', 'BXX911', 'ECOTRANSPORTE', 42.33, 'LOGIMINSA', 42.36, 42.36, '01-51360', 'EG07-12924', 'PALTARUMI SAC', 'LA LIBERTAD-TRUJILLO-HUANCHACO', 'LIMA-BARRANCA-PARAMONGA', 'LOTE MINERAL', 21.00, 'dólar', 889.56, 19, 'dólar', 0, 889.56, NULL),
  (83, NULL, 'enero', 3, '16/01/2026', 'VVV1-632', 'RUBIO CASTRO MANUEL JESUS', 'BXX714', 'ECOTRANSPORTE', 34.3, 'LOGIMINSA', 34.3, 34.3, 'TK26-53316', 'EG07-7887', 'ECO GOLD SAC', 'LIMA-BARRANCA-PARAMONGA', 'CALLAO-CALLAO-VENTANILLA', 'CONCENTRADO DE AU', 23.00, 'dólar', 788.9, 20.5, 'dólar', 0, 788.9, NULL),
  (84, NULL, 'enero', 3, '16/01/2026', 'VVV1-633', 'VEGA NIETO MIGUEL ANGEL', 'CBS886', 'ECOTRANSPORTE', 34.32, 'LOGIMINSA', 34.32, 34.32, 'TK26-53317', 'EG07-7888', 'ECO GOLD SAC', 'LIMA-BARRANCA-PARAMONGA', 'CALLAO-CALLAO-VENTANILLA', 'CONCENTRADO DE AU', 23.00, 'dólar', 789.36, 20.5, 'dólar', 0, 789.36, NULL),
  (85, NULL, 'enero', 3, '16/01/2026', 'VVV1-634', 'CASTAÑEDA MUÑOZ DANIEL', 'CBT714', 'ECOTRANSPORTE', 34.41, 'LOGIMINSA', 34.41, 34.41, 'TK26-53318', 'EG07-7889', 'ECO GOLD SAC', 'LIMA-BARRANCA-PARAMONGA', 'CALLAO-CALLAO-VENTANILLA', 'CONCENTRADO DE AU', 23.00, 'dólar', 791.43, 20.5, 'dólar', 0, 791.43, NULL),
  (86, NULL, 'enero', 3, '16/01/2026', 'VVV1-635', 'ESPINOZA LAVADO JULIO CESAR', 'CBS840', 'FLS', 34.08, 'LOGIMINSA', 34.09, 34.09, 'TK26-53321', 'EG07-7890', 'ECO GOLD SAC', 'LIMA-BARRANCA-PARAMONGA', 'CALLAO-CALLAO-VENTANILLA', 'CONCENTRADO DE AU', 23.00, 'dólar', 784.07, 20.5, 'dólar', 698.845, 85.225, NULL),
  (87, NULL, 'enero', 3, '16/01/2026', 'VVV1-636', 'VALVERDE LEON PATRICIO FELIX', 'BXX888', 'ECOTRANSPORTE', 34.33, 'LOGIMINSA', 34.33, 34.33, 'TK26-53320', 'EG07-7891', 'ECO GOLD SAC', 'LIMA-BARRANCA-PARAMONGA', 'CALLAO-CALLAO-VENTANILLA', 'CONCENTRADO DE AU', 23.00, 'dólar', 789.59, 20.5, 'dólar', 0, 789.59, NULL),
  (88, NULL, 'enero', 3, '16/01/2026', 'VVV1-637', 'ARROYO SALAZAR ANGEL TCHAIKOVSKI', 'BXY704', 'ECOTRANSPORTE', 42.06, 'LOGIMINSA', 42.04, 42.04, '01-E4640/E4641/E4639/E4638/E4637/E4633', 'EG07-7892', 'ECO GOLD SAC', 'LA LIBERTAD-TRUJILLO-HUANCHACO', 'LIMA-BARRANCA-PARAMONGA', 'LOTE MINERAL', 21.00, 'dólar', 882.84, 19, 'dólar', 0, 882.84, NULL),
  (89, NULL, 'enero', 3, '17/01/2026', 'VVV1-638', 'CHAVEZ HURTADO RONALD', 'BXX911', 'ECOTRANSPORTE', 40.15, 'LOGIMINSA', 40.17, 40.17, '01-51419/51417/51406', 'EG07-12946', 'PALTARUMI SAC', 'LA LIBERTAD-TRUJILLO-HUANCHACO', 'LIMA-BARRANCA-PARAMONGA', 'LOTE MINERAL', 21.00, 'dólar', 843.57, 19, 'dólar', 0, 843.57, NULL),
  (90, NULL, 'enero', 3, '18/01/2026', 'VVV1-639', 'VEGA NIETO MIGUEL ANGEL', 'BXX714', 'ECOTRANSPORTE', 38.59, 'IMPALA', 38.51, 38.51, NULL, 'EG07-5869', 'MONARCA GOLD SAC', 'ANCASH-SANTA-NEPEÑA', 'CALLAO-CALLAO-CALLAO (IMPALA)', 'CONCENTRADO DE ZN', 33.00, 'dólar', 1270.83, 26.5, 'dólar', 0, 1270.83, NULL),
  (91, NULL, 'enero', 3, '18/01/2026', 'VVV1-640', 'LUNA HUINCHO SANTOS', 'CBS886', 'ECOTRANSPORTE', 38.46, 'IMPALA', 38.36, 38.36, NULL, 'EG07-5870', 'MONARCA GOLD SAC', 'ANCASH-SANTA-NEPEÑA', 'CALLAO-CALLAO-CALLAO (IMPALA)', 'CONCENTRADO DE ZN', 33.00, 'dólar', 1265.88, 26.5, 'dólar', 0, 1265.88, NULL),
  (92, NULL, 'enero', 3, '18/01/2026', 'VVV1-641', 'ESPINOZA LAVADO JULIO CESAR', 'CBS840', 'FLS', 38.5, 'IMPALA', 38.43, 38.43, NULL, 'EG07-5871', 'MONARCA GOLD SAC', 'ANCASH-SANTA-NEPEÑA', 'CALLAO-CALLAO-CALLAO (IMPALA)', 'CONCENTRADO DE ZN', 33.00, 'dólar', 1268.19, 26.5, 'dólar', 1018.395, 249.795, NULL),
  (93, NULL, 'enero', 3, '18/01/2026', 'VVV1-642', 'VALVERDE LEON PATRICIO FELIX', 'BXX888', 'ECOTRANSPORTE', 37.33, 'IMPALA', 37.24, 37.24, NULL, 'EG07-5872', 'MONARCA GOLD SAC', 'ANCASH-SANTA-NEPEÑA', 'CALLAO-CALLAO-CALLAO (IMPALA)', 'CONCENTRADO DE ZN', 33.00, 'dólar', 1228.92, 26.5, 'dólar', 0, 1228.92, NULL),
  (94, NULL, 'enero', 3, '18/01/2026', 'VVV1-643', 'ARROYO SALAZAR ANGEL TCHAIKOVSKI', 'BXY704', 'ECOTRANSPORTE', 41.23, 'LOGIMINSA', 41.27, 41.27, '01-51436/51441', 'EG07-12956', 'PALTARUMI SAC', 'LA LIBERTAD-TRUJILLO-HUANCHACO', 'LIMA-BARRANCA-PARAMONGA', 'LOTE MINERAL', 21.00, 'dólar', 866.67, 19, 'dólar', 0, 866.67, NULL),
  (95, NULL, 'enero', 3, '18/01/2026', 'VVV1-644', 'GUTIERREZ TOLENTINO ENGILBERTO', 'CBT714', 'ECOTRANSPORTE', 43.09, 'IMPALA', 43.02, 43.02, NULL, 'EG07-5873', 'MONARCA GOLD SAC', 'ANCASH-SANTA-NEPEÑA', 'CALLAO-CALLAO-CALLAO (IMPALA)', 'CONCENTRADO DE ZN', 33.00, 'dólar', 1419.66, 26.5, 'dólar', 0, 1419.66, NULL),
  (96, NULL, 'enero', 3, '18/01/2026', 'VVV1-645', 'ALFARO ABANTO TELMO AUGUSTO', 'CCX752', 'TREO', 23.08, 'LOGIMINSA', 23.24, 23.24, '2535', 'EG07-402', 'POLIMETALICOS DEL NORTE SAC', 'LA LIBERTAD-GRAN CHIMU-LUCMA', 'LA LIBERTAD-TRUJILLO-HUANCHACO', 'CONCENTRADO DE PLATA A GRANEL', 31.00, 'dólar', 720.44, 28, 'dólar', 650.72, 69.72, NULL),
  (97, NULL, 'enero', 3, '18/01/2026', 'VVV1-646', 'SALINAS ALVA VICENTE MODESTO', 'TOC892', 'TREO', 25.23, 'LOGIMINSA', 25.86, 25.86, '2536', 'EG07-403', 'POLIMETALICOS DEL NORTE SAC', 'LA LIBERTAD-GRAN CHIMU-LUCMA', 'LA LIBERTAD-TRUJILLO-HUANCHACO', 'CONCENTRADO DE PLATA A GRANEL', 31.00, 'dólar', 801.66, 28, 'dólar', 724.08, 77.58, NULL),
  (98, NULL, 'enero', 3, '18/01/2026', 'VVV1-647', 'ASCONA CABEZAS CELSO AMANCIO', 'BEA768', 'TREO', 26.51, 'LOGIMINSA', 26.84, 26.84, '2537', 'EG07-404', 'POLIMETALICOS DEL NORTE SAC', 'LA LIBERTAD-GRAN CHIMU-LUCMA', 'LA LIBERTAD-TRUJILLO-HUANCHACO', 'CONCENTRADO DE PLATA A GRANEL', 31.00, 'dólar', 832.04, 28, 'dólar', 751.52, 80.52, NULL),
  (99, NULL, 'enero', 3, '18/01/2026', 'VVV1-648', 'ASCONA CABEZAS CELSO AMANCIO', 'BMQ991', 'TREO', 20.83, 'LOGIMINSA', 21.27, 21.27, '2537', 'EG07-405', 'POLIMETALICOS DEL NORTE SAC', 'LA LIBERTAD-GRAN CHIMU-LUCMA', 'LA LIBERTAD-TRUJILLO-HUANCHACO', 'CONCENTRADO DE PLATA A GRANEL', 31.00, 'dólar', 659.37, 28, 'dólar', 595.56, 63.81, NULL),
  (100, NULL, 'enero', 4, '19/01/2026', 'VVV1-649', 'CHAVEZ HURTADO RONALD', 'BXX911', 'ECOTRANSPORTE', 36.5, 'LOGIMINSA', 36.47, 36.47, '01-51445', 'EG07-12961', 'PALTARUMI SAC', 'LA LIBERTAD-TRUJILLO-HUANCHACO', 'LIMA-BARRANCA-PARAMONGA', 'LOTE MINERAL', 21.00, 'dólar', 765.87, 19, 'dólar', 0, 765.87, NULL),
  (101, NULL, 'enero', 4, '20/01/2026', 'VVV1-650', 'LEON MELENDEZ MIGUEL ANGEL', 'C5T736', 'TREO', 21.55, 'LOGIMINSA', 22.76, 22.76, '2539', 'EG07-406', 'POLIMETALICOS DEL NORTE SAC', 'LA LIBERTAD-GRAN CHIMU-LUCMA', 'LA LIBERTAD-TRUJILLO-HUANCHACO', 'CONCENTRADO DE PLATA A GRANEL', 31.00, 'dólar', 705.56, 28, 'dólar', 637.28, 68.28, NULL),
  (102, NULL, 'enero', 4, '20/01/2026', 'VVV1-651', 'SALINAS ALVA VICENTE MODESTO', 'TOC892', 'TREO', 28.43, 'LOGIMINSA', 29.58, 29.58, '2541', 'EG07-407', 'POLIMETALICOS DEL NORTE SAC', 'LA LIBERTAD-GRAN CHIMU-LUCMA', 'LA LIBERTAD-TRUJILLO-HUANCHACO', 'CONCENTRADO DE PLATA A GRANEL', 31.00, 'dólar', 916.98, 28, 'dólar', 828.24, 88.74, NULL),
  (103, NULL, 'enero', 4, '20/01/2026', 'VVV1-652', 'GUILLEN NORIEGA ROBERTO ANTONIO', 'CCX753', 'NO REGISTRADA', 22.22, 'LOGIMINSA', 23.39, 23.39, '2538', 'EG07-408', 'POLIMETALICOS DEL NORTE SAC', 'LA LIBERTAD-GRAN CHIMU-LUCMA', 'LA LIBERTAD-TRUJILLO-HUANCHACO', 'CONCENTRADO DE PLATA A GRANEL', 31.00, 'dólar', 725.09, 28, 'dólar', 654.92, 70.17, NULL),
  (104, NULL, 'enero', 4, '20/01/2026', 'VVV1-653', 'ASCONA CABEZAS CELSO AMANCIO', 'BEA768', 'TREO', 26.92, 'LOGIMINSA', 27.43, 27.43, '2540', 'EG07-409', 'POLIMETALICOS DEL NORTE SAC', 'LA LIBERTAD-GRAN CHIMU-LUCMA', 'LA LIBERTAD-TRUJILLO-HUANCHACO', 'CONCENTRADO DE PLATA A GRANEL', 31.00, 'dólar', 850.33, 28, 'dólar', 768.04, 82.29, NULL),
  (105, NULL, 'enero', 4, '20/01/2026', 'VVV1-654', 'ASCONA CABEZAS CELSO AMANCIO', 'BMQ991', 'TREO', 20.25, 'LOGIMINSA', 21.32, 21.32, '2540', 'EG07-410', 'POLIMETALICOS DEL NORTE SAC', 'LA LIBERTAD-GRAN CHIMU-LUCMA', 'LA LIBERTAD-TRUJILLO-HUANCHACO', 'CONCENTRADO DE PLATA A GRANEL', 31.00, 'dólar', 660.92, 28, 'dólar', 596.96, 63.96, NULL),
  (106, NULL, 'enero', 4, '21/01/2026', 'VVV1-655', 'CHAVEZ HURTADO RONALD', 'BXX888', 'ECOTRANSPORTE', 34, 'LOGIMINSA', 41.83, 41.83, '12297', 'EG07-5893', 'MONARCA GOLD SAC', 'LA LIBERTAD-TRUJILLO-HUANCHACO', 'ANCASH-SANTA-NEPEÑA', 'MINERAL POLIMETALICO', 50.85, 'soles', 2126.949126, 35, 'soles', 0, 2126.949126, NULL),
  (107, NULL, 'enero', 4, '21/01/2026', 'VVV1-656', 'ESPINOZA LAVADO JULIO CESAR', 'CBS840', 'FLS', 34, 'LOGIMINSA', 45, 45, '12294', 'EG07-5895', 'MONARCA GOLD SAC', 'LA LIBERTAD-TRUJILLO-HUANCHACO', 'ANCASH-SANTA-NEPEÑA', 'MINERAL POLIMETALICO', 50.85, 'soles', 2288.135565, 35, 'soles', 1575, 713.135565, NULL),
  (108, NULL, 'enero', 4, '21/01/2026', 'VVV1-657', 'LUNA HUINCHO SANTOS', 'CBS886', 'ECOTRANSPORTE', 34, 'LOGIMINSA', 40.13, 40.13, '12298', 'EG07-5896', 'MONARCA GOLD SAC', 'LA LIBERTAD-TRUJILLO-HUANCHACO', 'ANCASH-SANTA-NEPEÑA', 'MINERAL POLIMETALICO', 50.85, 'soles', 2040.508449, 35, 'soles', 0, 2040.508449, NULL),
  (109, NULL, 'enero', 4, '21/01/2026', 'VVV1-658', 'BALLAGARES DIAZ ALBINO ENRIQUE', 'CCQ816', 'FLS', 36.04, 'LOGIMINSA', 36.19, 36.19, '2542', 'EG07-411', 'POLIMETALICOS DEL NORTE SAC', 'LA LIBERTAD-GRAN CHIMU-LUCMA', 'LA LIBERTAD-TRUJILLO-HUANCHACO', 'CONCENTRADO DE PLATA A GRANEL', 31.00, 'dólar', 1121.89, 28, 'dólar', 1013.32, 108.57, NULL),
  (110, NULL, 'enero', 4, '22/01/2026', 'VVV1-659', 'ARROYO SALAZAR ANGEL TCHAIKOVSKI', 'BXY704', 'ECOTRANSPORTE', 36.69, 'LOGIMINSA', 36.69, 36.69, 'TK26-53855', 'EG07-7900', 'ECO GOLD SAC', 'LA LIBERTAD-TRUJILLO-HUANCHACO', 'CALLAO-CALLAO-VENTANILLA', 'CONCENTRADO DE PLATA Y ORO', 44.00, 'dólar', 1614.36, 39.5, 'dólar', 0, 1614.36, NULL),
  (111, NULL, 'enero', 4, '22/01/2026', 'VVV1-660', 'RUBIO CASTRO MANUEL JESUS', 'BXX714', 'ECOTRANSPORTE', 32.66, 'LOGIMINSA', 32.61, 32.61, 'TK26-53856', 'EG07-7901', 'ECO GOLD SAC', 'LA LIBERTAD-TRUJILLO-HUANCHACO', 'CALLAO-CALLAO-VENTANILLA', 'CONCENTRADO DE PLATA Y ORO', 44.00, 'dólar', 1434.84, 39.5, 'dólar', 0, 1434.84, NULL),
  (112, NULL, 'enero', 4, '22/01/2026', 'VVV1-661', 'GUTIERREZ TOLENTINO ENGILBERTO', 'CBT714', 'ECOTRANSPORTE', 32.54, 'LOGIMINSA', 32.54, 32.54, 'TK26-53857', 'EG07-7902', 'ECO GOLD SAC', 'LA LIBERTAD-TRUJILLO-HUANCHACO', 'CALLAO-CALLAO-VENTANILLA', 'CONCENTRADO DE PLATA Y ORO', 44.00, 'dólar', 1431.76, 39.5, 'dólar', 0, 1431.76, NULL),
  (113, NULL, 'enero', 4, '22/01/2026', 'VVV1-662', 'ESPINOZA LAVADO JULIO CESAR', 'CBS840', 'FLS', 35.7, 'LOGIMINSA', 35.67, 35.67, 'TK26-53878', 'EG07-7903', 'ECO GOLD SAC', 'LA LIBERTAD-TRUJILLO-HUANCHACO', 'CALLAO-CALLAO-VENTANILLA', 'CONCENTRADO DE PLATA Y ORO', 44.00, 'dólar', 1569.48, 39.5, 'dólar', 1408.965, 160.515, NULL),
  (114, NULL, 'enero', 4, '22/01/2026', 'VVV1-663', 'LUNA HUINCHO SANTOS', 'CBS886', 'ECOTRANSPORTE', 32.24, 'LOGIMINSA', 32.2, 32.2, 'TK26-53880', 'EG07-7904', 'ECO GOLD SAC', 'LA LIBERTAD-TRUJILLO-HUANCHACO', 'CALLAO-CALLAO-VENTANILLA', 'CONCENTRADO DE PLATA Y ORO', 44.00, 'dólar', 1416.8, 39.5, 'dólar', 0, 1416.8, NULL),
  (115, NULL, 'enero', 4, '22/01/2026', 'VVV1-664', 'CHAVEZ HURTADO RONALD', 'BXX888', 'ECOTRANSPORTE', 35.11, 'LOGIMINSA', 35.1, 35.1, 'TK26-53875', 'EG07-7905', 'ECO GOLD SAC', 'LA LIBERTAD-TRUJILLO-HUANCHACO', 'CALLAO-CALLAO-VENTANILLA', 'CONCENTRADO DE PLATA Y ORO', 44.00, 'dólar', 1544.4, 39.5, 'dólar', 0, 1544.4, NULL),
  (116, NULL, 'enero', 4, '23/01/2026', 'VVV1-665', 'SALINAS ALVA VICENTE MODESTO', 'TOC892', 'TREO', 26.01, 'LOGIMINSA', 26.02, 26.02, '2551', 'EG07-416', 'POLIMETALICOS DEL NORTE SAC', 'LA LIBERTAD-GRAN CHIMU-LUCMA', 'LA LIBERTAD-TRUJILLO-HUANCHACO', 'CONCENTRADO DE PLATA A GRANEL', 31.00, 'dólar', 806.62, 28, 'dólar', 728.56, 78.06, NULL),
  (117, NULL, 'enero', 4, '23/01/2026', 'VVV1-666', 'LEON MELENDEZ MIGUEL ANGEL', 'C5T736', 'TREO', 22.6, 'LOGIMINSA', 22.8, 22.8, '2549', 'EG07-415', 'POLIMETALICOS DEL NORTE SAC', 'LA LIBERTAD-GRAN CHIMU-LUCMA', 'LA LIBERTAD-TRUJILLO-HUANCHACO', 'CONCENTRADO DE PLATA A GRANEL', 31.00, 'dólar', 706.8, 28, 'dólar', 638.4, 68.4, NULL),
  (118, NULL, 'enero', 4, '23/01/2026', 'VVV1-667', 'GUILLEN NORIEGA ROBERTO ANTONIO', 'CCX752', 'TREO', 23.33, 'LOGIMINSA', 23.52, 23.52, '2550', 'EG07-414', 'POLIMETALICOS DEL NORTE SAC', 'LA LIBERTAD-GRAN CHIMU-LUCMA', 'LA LIBERTAD-TRUJILLO-HUANCHACO', 'CONCENTRADO DE PLATA A GRANEL', 31.00, 'dólar', 729.12, 28, 'dólar', 658.56, 70.56, NULL),
  (119, NULL, 'enero', 4, '23/01/2026', 'VVV1-668', 'VALVERDE LEON PATRICIO FELIX', 'BXX911', 'ECOTRANSPORTE', 38.28, 'LOGIMINSA', 38.31, 38.31, '01-51576/51570', 'EG07-13018', 'PALTARUMI SAC', 'LA LIBERTAD-TRUJILLO-HUANCHACO', 'LIMA-BARRANCA-PARAMONGA', 'LOTE MINERAL', 21.00, 'dólar', 804.51, 19, 'dólar', 0, 804.51, NULL),
  (120, NULL, 'enero', 4, '25/01/2026', 'VVV1-669', 'VALVERDE LEON PATRICIO FELIX', 'BXX911', 'ECOTRANSPORTE', 44.59, 'LOGIMINSA', 44.58, 44.58, '01-51614', 'EG07-13036', 'PALTARUMI SAC', 'LA LIBERTAD-TRUJILLO-HUANCHACO', 'LIMA-BARRANCA-PARAMONGA', 'LOTE MINERAL', 21.00, 'dólar', 936.18, 19, 'dólar', 0, 936.18, NULL),
  (121, NULL, 'enero', 4, '25/01/2026', 'VVV1-670', 'MORALES AGUIRRE ORLANDO JAVIER', 'C4R796', 'TREO', 23.58, 'LOGIMINSA', 24.09, 24.09, '2554', 'EG07-420', 'POLIMETALICOS DEL NORTE SAC', 'LA LIBERTAD-GRAN CHIMU-LUCMA', 'LA LIBERTAD-TRUJILLO-HUANCHACO', 'CONCENTRADO DE PLATA A GRANEL', 31.00, 'dólar', 746.79, 28, 'dólar', 674.52, 72.27, NULL),
  (122, NULL, 'enero', 4, '25/01/2026', 'VVV1-671', 'LEON MELENDEZ MIGUEL ANGEL', 'C5T736', 'TREO', 22.34, 'LOGIMINSA', 23.09, 23.09, '2553', 'EG07-421', 'POLIMETALICOS DEL NORTE SAC', 'LA LIBERTAD-GRAN CHIMU-LUCMA', 'LA LIBERTAD-TRUJILLO-HUANCHACO', 'CONCENTRADO DE PLATA A GRANEL', 31.00, 'dólar', 715.79, 28, 'dólar', 646.52, 69.27, NULL),
  (123, NULL, 'enero', 4, '25/01/2026', 'VVV1-672', 'SALINAS ALVA VICENTE MODESTO', 'TOC892', 'TREO', 26.1, 'LOGIMINSA', 26.81, 26.81, '2556', 'EG07-422', 'POLIMETALICOS DEL NORTE SAC', 'LA LIBERTAD-GRAN CHIMU-LUCMA', 'LA LIBERTAD-TRUJILLO-HUANCHACO', 'CONCENTRADO DE PLATA A GRANEL', 31.00, 'dólar', 831.11, 28, 'dólar', 750.68, 80.43, NULL),
  (124, NULL, 'enero', 4, '25/01/2026', 'VVV1-673', 'DADO DE BAJA', NULL, 'NO REGISTRADA', NULL, NULL, NULL, NULL, NULL, 'EG07-423', 'POLIMETALICOS DEL NORTE SAC', 'LA LIBERTAD-GRAN CHIMU-LUCMA', 'LA LIBERTAD-TRUJILLO-HUANCHACO', 'CONCENTRADO DE PLATA A GRANEL', 31.00, 'dólar', NULL, 28, 'dólar', NULL, NULL, NULL),
  (125, NULL, 'enero', 4, '25/01/2026', 'VVV1-674', 'ASCONA CABEZAS CELSO AMANCIO', 'BEA768', 'TREO', 30.24, 'LOGIMINSA', 29.28, 29.28, '2555', 'EG07-424', 'POLIMETALICOS DEL NORTE SAC', 'LA LIBERTAD-GRAN CHIMU-LUCMA', 'LA LIBERTAD-TRUJILLO-HUANCHACO', 'CONCENTRADO DE PLATA A GRANEL', 31.00, 'dólar', 907.68, 28, 'dólar', 819.84, 87.84, NULL),
  (126, NULL, 'enero', 4, '25/01/2026', 'VVV1-675', 'ASCONA CABEZAS CELSO AMANCIO', 'BMQ991', 'TREO', 20.93, 'LOGIMINSA', 23.16, 23.16, '2555', 'EG07-425', 'POLIMETALICOS DEL NORTE SAC', 'LA LIBERTAD-GRAN CHIMU-LUCMA', 'LA LIBERTAD-TRUJILLO-HUANCHACO', 'CONCENTRADO DE PLATA A GRANEL', 31.00, 'dólar', 717.96, 28, 'dólar', 648.48, 69.48, NULL),
  (127, NULL, 'enero', 4, '25/01/2026', 'VVV1-676', 'TADEO TRINIDAD CONSTANTINO ABAD', 'ARE770', 'EMNA', 35.85, 'LOGIMINSA', 35.84, 35.84, 'TK26-53911', 'EG07-7907', 'ECO GOLD SAC', 'LIMA-BARRANCA-PARAMONGA', 'CALLAO-CALLAO-VENTANILLA', 'CONCENTRADO DE AU', 23.00, 'dólar', 824.32, 20.5, 'dólar', 734.72, 89.6, NULL),
  (128, NULL, 'enero', 4, '25/01/2026', 'VVV1-677', 'GUILLEN NORIEGA ROBERTO ANTONIO', 'CCX752', 'TREO', 24.07, 'LOGIMINSA', 24.49, 24.49, '2552', 'EG07-423', 'POLIMETALICOS DEL NORTE SAC', 'LA LIBERTAD-GRAN CHIMU-LUCMA', 'LA LIBERTAD-TRUJILLO-HUANCHACO', 'CONCENTRADO DE PLATA A GRANEL', 31.00, 'dólar', 759.19, 28, 'dólar', 685.72, 73.47, NULL),
  (129, NULL, 'enero', 4, '25/01/2026', 'VVV1-678', 'FLORES MATOS DANIEL MARCOS', 'AWW898', 'EMNA', 36.23, 'LOGIMINSA', 36.18, 36.18, 'TK26-53912', 'EG07-7908', 'ECO GOLD SAC', 'LIMA-BARRANCA-PARAMONGA', 'CALLAO-CALLAO-VENTANILLA', 'CONCENTRADO DE AU', 23.00, 'dólar', 832.14, 20.5, 'dólar', 741.69, 90.45, NULL),
  (130, NULL, 'enero', 4, '25/01/2026', 'VVV1-679', 'ONOFRE TINCO CRISTOBAL', 'T5Z850', 'EMNA', 36.42, 'LOGIMINSA', 36.41, 36.41, 'TK26-53914', 'EG07-7909', 'ECO GOLD SAC', 'LIMA-BARRANCA-PARAMONGA', 'CALLAO-CALLAO-VENTANILLA', 'CONCENTRADO DE AU', 23.00, 'dólar', 837.43, 20.5, 'dólar', 746.405, 91.025, NULL),
  (131, NULL, 'enero', 4, '25/01/2026', 'VVV1-680', 'ROMERO BONILLA VICTOR RAUL', 'F0I738', 'EMNA', 35.68, 'LOGIMINSA', 35.59, 35.59, 'TK26-53915', 'EG07-7910', 'ECO GOLD SAC', 'LIMA-BARRANCA-PARAMONGA', 'CALLAO-CALLAO-VENTANILLA', 'CONCENTRADO DE AU', 23.00, 'dólar', 818.57, 20.5, 'dólar', 729.595, 88.975, NULL),
  (132, NULL, 'enero', 4, '25/01/2026', 'VVV1-681', 'GUTIERREZ TOLENTINO ENGILBERTO', 'CBT714', 'ECOTRANSPORTE', 34.42, 'LOGIMINSA', 34.43, 34.43, 'TK26-53916', 'EG07-7911', 'ECO GOLD SAC', 'LIMA-BARRANCA-PARAMONGA', 'CALLAO-CALLAO-VENTANILLA', 'CONCENTRADO DE AU', 23.00, 'dólar', 791.89, 20.5, 'dólar', 0, 791.89, NULL),
  (133, NULL, 'enero', 4, '25/01/2026', 'VVV1-682', 'ARROYO SALAZAR ANGEL TCHAIKOVSKI', 'BXY704', 'ECOTRANSPORTE', 35.5, 'LOGIMINSA', 35.43, 35.43, 'TK26-53917', 'EG07-7912', 'ECO GOLD SAC', 'LIMA-BARRANCA-PARAMONGA', 'CALLAO-CALLAO-VENTANILLA', 'CONCENTRADO DE AU', 23.00, 'dólar', 814.89, 20.5, 'dólar', 0, 814.89, NULL),
  (134, NULL, 'enero', 4, '25/01/2026', 'VVV1-683', 'CHAVEZ HURTADO RONALD', 'BXX888', 'ECOTRANSPORTE', 34.29, 'LOGIMINSA', 34.29, 34.29, 'TK26-53918', 'EG07-7913', 'ECO GOLD SAC', 'LIMA-BARRANCA-PARAMONGA', 'CALLAO-CALLAO-VENTANILLA', 'CONCENTRADO DE AU', 23.00, 'dólar', 788.67, 20.5, 'dólar', 0, 788.67, NULL),
  (135, NULL, 'enero', 4, '25/01/2026', 'VVV1-684', 'LUNA HUINCHO SANTOS', 'CBS886', 'ECOTRANSPORTE', 34.41, 'LOGIMINSA', 34.41, 34.41, 'TK26-53920', 'EG07-7914', 'ECO GOLD SAC', 'LIMA-BARRANCA-PARAMONGA', 'CALLAO-CALLAO-VENTANILLA', 'CONCENTRADO DE AU', 23.00, 'dólar', 791.43, 20.5, 'dólar', 0, 791.43, NULL),
  (136, NULL, 'enero', 4, '25/01/2026', 'VVV1-685', 'RUBIO CASTRO MANUEL JESUS', 'BXX714', 'ECOTRANSPORTE', 34.27, 'LOGIMINSA', 34.21, 34.21, 'TK26-53921', 'EG07-7915', 'ECO GOLD SAC', 'LIMA-BARRANCA-PARAMONGA', 'CALLAO-CALLAO-VENTANILLA', 'CONCENTRADO DE AU', 23.00, 'dólar', 786.83, 20.5, 'dólar', 0, 786.83, NULL),
  (137, NULL, 'enero', 4, '25/01/2026', 'VVV1-686', 'ESPINOZA LAVADO JULIO CESAR', 'CBS840', 'FLS', 33.97, 'LOGIMINSA', 33.91, 33.91, 'TK26-53919', 'EG07-7916', 'ECO GOLD SAC', 'LIMA-BARRANCA-PARAMONGA', 'CALLAO-CALLAO-VENTANILLA', 'CONCENTRADO DE AU', 23.00, 'dólar', 779.93, 20.5, 'dólar', 695.155, 84.775, NULL),
  (138, NULL, 'enero', 5, '27/01/2026', 'VVV1-687', 'VALVERDE LEON PATRICIO FELIX', 'BXX911', 'ECOTRANSPORTE', 40.89, 'LOGIMINSA', 40.93, 40.93, '01-51661/51670/51671/51665/51667', 'EG07-13063', 'PALTARUMI SAC', 'LA LIBERTAD-TRUJILLO-HUANCHACO', 'LIMA-BARRANCA-PARAMONGA', 'LOTE MINERAL', 21.00, 'dólar', 859.53, 19, 'dólar', 0, 859.53, NULL),
  (139, NULL, 'enero', 5, '27/01/2026', 'VVV1-688', 'LEON MELENDEZ MIGUEL ANGEL', 'C5T736', 'TREO', 24.71, 'LOGIMINSA', 24.8, 24.8, '2557', 'EG07-430', 'POLIMETALICOS DEL NORTE SAC', 'LA LIBERTAD-GRAN CHIMU-LUCMA', 'LA LIBERTAD-TRUJILLO-HUANCHACO', 'CONCENTRADO DE PLATA A GRANEL', 31.00, 'dólar', 768.8, 28, 'dólar', 694.4, 74.4, NULL),
  (140, NULL, 'enero', 5, '27/01/2026', 'VVV1-689', 'MORALES AGUIRRE ORLANDO JAVIER', 'C4R796', 'TREO', 27.14, 'LOGIMINSA', 27.22, 27.22, '2558', 'EG07-431', 'POLIMETALICOS DEL NORTE SAC', 'LA LIBERTAD-GRAN CHIMU-LUCMA', 'LA LIBERTAD-TRUJILLO-HUANCHACO', 'CONCENTRADO DE PLATA A GRANEL', 31.00, 'dólar', 843.82, 28, 'dólar', 762.16, 81.66, NULL),
  (141, NULL, 'enero', 5, '27/01/2026', 'VVV1-690', 'SALINAS ALVA VICENTE MODESTO', 'TOC892', 'TREO', 27.61, 'LOGIMINSA', 27.61, NULL, NULL, 'EG07-432', 'POLIMETALICOS DEL NORTE SAC', 'LA LIBERTAD-GRAN CHIMU-LUCMA', 'LA LIBERTAD-TRUJILLO-HUANCHACO', 'CONCENTRADO DE PLATA A GRANEL', 31.00, 'dólar', 855.91, 28, 'dólar', 773.08, 82.83, NULL),
  (142, NULL, 'enero', 5, '27/01/2026', 'VVV1-691', 'ASCONA CABEZAS CELSO AMANCIO', 'BEA768', 'TREO', 27.69, 'LOGIMINSA', 29.52, 29.52, '2559', 'EG07-433', 'POLIMETALICOS DEL NORTE SAC', 'LA LIBERTAD-GRAN CHIMU-LUCMA', 'LA LIBERTAD-TRUJILLO-HUANCHACO', 'CONCENTRADO DE PLATA A GRANEL', 31.00, 'dólar', 915.12, 28, 'dólar', 826.56, 88.56, NULL),
  (143, NULL, 'enero', 5, '27/01/2026', 'VVV1-692', 'ASCONA CABEZAS CELSO AMANCIO', 'BMQ991', 'TREO', 25.56, 'LOGIMINSA', 26.26, 26.26, '2559', 'EG07-434', 'POLIMETALICOS DEL NORTE SAC', 'LA LIBERTAD-GRAN CHIMU-LUCMA', 'LA LIBERTAD-TRUJILLO-HUANCHACO', 'CONCENTRADO DE PLATA A GRANEL', 31.00, 'dólar', 814.06, 28, 'dólar', 735.28, 78.78, NULL),
  (144, NULL, 'enero', 5, '27/01/2026', 'VVV1-693', 'ROMERO BONILLA VICTOR RAUL', 'F0I738', 'EMNA', 35.5, 'LOGIMINSA', 35.51, 35.51, 'TK26-54102', 'EG07-7934', 'ECO GOLD SAC', 'LIMA-BARRANCA-PARAMONGA', 'CALLAO-CALLAO-VENTANILLA', 'CONCENTRADO DE AU', 23.00, 'dólar', 816.73, 20.5, 'dólar', 727.955, 88.775, NULL),
  (145, NULL, 'enero', 5, '27/01/2026', 'VVV1-694', 'DADO DE BAJA', NULL, 'NO REGISTRADA', NULL, NULL, NULL, NULL, NULL, 'EG07-7935', 'ECO GOLD SAC', 'LIMA-BARRANCA-PARAMONGA', 'CALLAO-CALLAO-VENTANILLA', 'CONCENTRADO DE AU', 23.00, 'dólar', NULL, 20.5, 'dólar', NULL, NULL, NULL),
  (146, NULL, 'enero', 5, '27/01/2026', 'VVV1-695', 'VEGA NIETO MIGUEL ANGEL', 'CBT714', 'ECOTRANSPORTE', 34.27, 'LOGIMINSA', 34.27, NULL, NULL, 'EG07-7936', 'ECO GOLD SAC', 'LIMA-BARRANCA-PARAMONGA', 'CALLAO-CALLAO-VENTANILLA', 'CONCENTRADO DE AU', 23.00, 'dólar', 788.21, 20.5, 'dólar', 0, 788.21, NULL),
  (147, NULL, 'enero', 5, '27/01/2026', 'VVV1-696', 'ARROYO SALAZAR ANGEL TCHAIKOVSKI', 'BXY704', 'ECOTRANSPORTE', 35.75, 'LOGIMINSA', 35.75, 35.75, 'TK26-54110', 'EG07-7937', 'ECO GOLD SAC', 'LIMA-BARRANCA-PARAMONGA', 'CALLAO-CALLAO-VENTANILLA', 'CONCENTRADO DE AU', 23.00, 'dólar', 822.25, 20.5, 'dólar', 0, 822.25, NULL),
  (148, NULL, 'enero', 5, '27/01/2026', 'VVV1-697', 'CHAVEZ HURTADO RONALD', 'BXX888', 'ECOTRANSPORTE', 34.19, 'LOGIMINSA', 34.18, 34.18, 'TK26-54111', 'EG07-7938', 'ECO GOLD SAC', 'LIMA-BARRANCA-PARAMONGA', 'CALLAO-CALLAO-VENTANILLA', 'CONCENTRADO DE AU', 23.00, 'dólar', 786.14, 20.5, 'dólar', 0, 786.14, NULL),
  (149, NULL, 'enero', 5, '27/01/2026', 'VVV1-698', 'TADEO TRINIDAD CONSTANTINO ABAD', 'ARE770', 'EMNA', 35.85, 'LOGIMINSA', 35.85, 35.85, 'TK26-54133', 'EG07-7939', 'ECO GOLD SAC', 'LIMA-BARRANCA-PARAMONGA', 'CALLAO-CALLAO-VENTANILLA', 'CONCENTRADO DE AU', 23.00, 'dólar', 824.55, 20.5, 'dólar', 734.925, 89.625, NULL),
  (150, NULL, 'enero', 5, '27/01/2026', 'VVV1-699', 'FLORES MATOS DANIEL MARCOS', 'AWW898', 'EMNA', 36.11, 'LOGIMINSA', 36.11, 36.11, 'TK26-54134', 'EG07-7940', 'ECO GOLD SAC', 'LIMA-BARRANCA-PARAMONGA', 'CALLAO-CALLAO-VENTANILLA', 'CONCENTRADO DE AU', 23.00, 'dólar', 830.53, 20.5, 'dólar', 740.255, 90.275, NULL),
  (151, NULL, 'enero', 5, '27/01/2026', 'VVV1-700', 'ONOFRE TINCO CRISTOBAL', 'T5Z850', 'EMNA', 36.42, 'LOGIMINSA', 36.42, 36.42, 'TK26-54135', 'EG07-7941', 'ECO GOLD SAC', 'LIMA-BARRANCA-PARAMONGA', 'CALLAO-CALLAO-VENTANILLA', 'CONCENTRADO DE AU', 23.00, 'dólar', 837.66, 20.5, 'dólar', 746.61, 91.05, NULL),
  (152, NULL, 'enero', 5, '27/01/2026', 'VVV1-701', 'ESPINOZA LAVADO JULIO CESAR', 'CBS840', 'FLS', 33.92, 'LOGIMINSA', 33.89, 33.89, 'TK26-54136', 'EG07-7942', 'ECO GOLD SAC', 'LIMA-BARRANCA-PARAMONGA', 'CALLAO-CALLAO-VENTANILLA', 'CONCENTRADO DE AU', 23.00, 'dólar', 779.47, 20.5, 'dólar', 694.745, 84.725, NULL),
  (153, NULL, 'enero', 5, '27/01/2026', 'VVV1-702', 'LUNA HUINCHO SANTOS', 'CBS886', 'ECOTRANSPORTE', 34.3, 'LOGIMINSA', 34.24, 34.24, 'TK26-54138', 'EG07-7943', 'ECO GOLD SAC', 'LIMA-BARRANCA-PARAMONGA', 'CALLAO-CALLAO-VENTANILLA', 'CONCENTRADO DE AU', 23.00, 'dólar', 787.52, 20.5, 'dólar', 0, 787.52, NULL),
  (154, NULL, 'enero', 5, '27/01/2026', 'VVV1-703', 'RUBIO CASTRO MANUEL JESUS', 'BXX714', 'ECOTRANSPORTE', 34.15, 'LOGIMINSA', 34.14, 34.14, 'TK26-54109', 'EG07-7935', 'ECO GOLD SAC', 'LIMA-BARRANCA-PARAMONGA', 'CALLAO-CALLAO-VENTANILLA', 'CONCENTRADO DE AU', 23.00, 'dólar', 785.22, 20.5, 'dólar', 0, 785.22, NULL),
  (155, NULL, 'enero', 5, '29/01/2026', 'VVV1-704', 'VALVERDE LEON PATRICIO FELIX', 'BXX911', 'ECOTRANSPORTE', 36.53, 'LOGIMINSA', 36.51, 36.51, '01-51732/51738', 'EG07-13087', 'PALTARUMI SAC', 'LA LIBERTAD-TRUJILLO-HUANCHACO', 'LIMA-BARRANCA-PARAMONGA', 'LOTE MINERAL', 21.00, 'dólar', 766.71, 19, 'dólar', 0, 766.71, NULL),
  (156, NULL, 'enero', 5, '29/01/2026', 'VVV1-705', 'VEGA NIETO MIGUEL ANGEL', 'CBT714', 'ECOTRANSPORTE', 35.2, 'LOGIMINSA', 35.18, 35.18, '01-51730/51737', 'EG07-13088', 'PALTARUMI SAC', 'LA LIBERTAD-TRUJILLO-HUANCHACO', 'LIMA-BARRANCA-PARAMONGA', 'LOTE MINERAL', 21.00, 'dólar', 738.78, 19, 'dólar', 0, 738.78, NULL),
  (157, NULL, 'enero', 5, '29/01/2026', 'VVV1-706', 'CHAVEZ HURTADO RONALD', 'BXX888', 'ECOTRANSPORTE', 34.07, 'LOGIMINSA', 34.02, 34.02, '01-51734/51748', 'EG07-13089', 'PALTARUMI SAC', 'LA LIBERTAD-TRUJILLO-HUANCHACO', 'LIMA-BARRANCA-PARAMONGA', 'LOTE MINERAL', 21.00, 'dólar', 714.42, 19, 'dólar', 0, 714.42, NULL),
  (158, NULL, 'enero', 5, '29/01/2026', 'VVV1-707', 'ARROYO SALAZAR ANGEL TCHAIKOVSKI', 'BXY704', 'ECOTRANSPORTE', 41.96, 'LOGIMINSA', 41.98, 41.98, '01-51741/51754', 'EG07-13094', 'PALTARUMI SAC', 'LA LIBERTAD-TRUJILLO-HUANCHACO', 'LIMA-BARRANCA-PARAMONGA', 'LOTE MINERAL', 21.00, 'dólar', 881.58, 19, 'dólar', 0, 881.58, NULL),
  (159, NULL, 'enero', 5, '29/01/2026', 'VVV1-708', 'RUBIO CASTRO MANUEL JESUS', 'BXX714', 'ECOTRANSPORTE', 35.44, 'LOGIMINSA', 35.42, 35.42, '01-51742', 'EG07-13099', 'PALTARUMI SAC', 'LA LIBERTAD-TRUJILLO-HUANCHACO', 'LIMA-BARRANCA-PARAMONGA', 'LOTE MINERAL', 21.00, 'dólar', 743.82, 19, 'dólar', 0, 743.82, NULL),
  (160, NULL, 'enero', 5, '29/01/2026', 'VVV1-709', 'LUNA HUINCHO SANTOS', 'CBS886', 'ECOTRANSPORTE', 33.41, 'LOGIMINSA', 33.39, 33.39, '01-51746', 'EG07-13101', 'PALTARUMI SAC', 'LA LIBERTAD-TRUJILLO-HUANCHACO', 'LIMA-BARRANCA-PARAMONGA', 'LOTE MINERAL', 21.00, 'dólar', 701.19, 19, 'dólar', 0, 701.19, NULL),
  (161, NULL, 'enero', 5, '30/01/2026', 'VVV1-710', 'DADO DE BAJA', NULL, 'NO REGISTRADA', NULL, NULL, NULL, NULL, NULL, NULL, NULL, NULL, NULL, NULL, NULL, NULL, NULL, NULL, NULL, NULL, NULL, NULL),
  (162, NULL, 'enero', 5, '30/01/2026', 'VVV1-711', 'ESPINOZA LAVADO JULIO CESAR', 'CBS840', 'FLS', 34, 'LOGIMINSA', 33.12, 33.12, '01-EP813', 'EG07-195', 'IGES GOLD SAC', 'PIURA-AYABACA-SUYO', 'LIMA-BARRANCA-PARAMONGA', 'MINERAL EN BRUTO', NULL, NULL, NULL, NULL, NULL, NULL, NULL, NULL),
  (163, NULL, 'enero', 5, '31/01/2026', 'VVV1-712', 'RUBIO CASTRO MANUEL JESUS', 'BXX714', 'ECOTRANSPORTE', 33.09, 'LOGIMINSA', 33.05, 33.05, '01/51795', 'EG07-13135', 'PALTARUMI SAC', 'LA LIBERTAD-TRUJILLO-HUANCHACO', 'LIMA-BARRANCA-PARAMONGA', 'LOTE MINERAL', 21.00, 'dólar', 694.05, 19, 'dólar', 0, 694.05, NULL),
  (164, NULL, 'enero', 5, '31/01/2026', 'VVV1-713', 'VALVERDE LEON PATRICIO FELIX', 'BXX911', 'ECOTRANSPORTE', 50.86, 'LOGIMINSA', 50.91, 50.91, '01-51808/51811/51815', 'EG07-13136', 'PALTARUMI SAC', 'LA LIBERTAD-TRUJILLO-HUANCHACO', 'LIMA-BARRANCA-PARAMONGA', 'LOTE MINERAL', 21.00, 'dólar', 1069.11, 19, 'dólar', 0, 1069.11, NULL),
  (165, NULL, 'enero', 5, '31/01/2026', 'VVV1-714', 'GUTIERREZ TOLENTINO ENGILBERTO', 'BXX888', 'ECOTRANSPORTE', 43.75, 'LOGIMINSA', 43.74, 43.74, '01-51809/51805/51800', 'EG07-13137', 'PALTARUMI SAC', 'LA LIBERTAD-TRUJILLO-HUANCHACO', 'LIMA-BARRANCA-PARAMONGA', 'LOTE MINERAL', 21.00, 'dólar', 918.54, 19, 'dólar', 0, 918.54, NULL),
  (166, NULL, 'enero', 5, '31/01/2026', 'VVV1-715', 'ARROYO SALAZAR ANGEL TCHAIKOVSKI', 'BXY704', 'ECOTRANSPORTE', 44.99, 'LOGIMINSA', 45, 45, '01-51812/51801/51814/51817', 'EG07-13138', 'PALTARUMI SAC', 'LA LIBERTAD-TRUJILLO-HUANCHACO', 'LIMA-BARRANCA-PARAMONGA', 'LOTE MINERAL', 21.00, 'dólar', 945, 19, 'dólar', 0, 945, NULL),
  (167, NULL, 'enero', 5, '31/01/2026', 'VVV1-716', 'LUNA HUINCHO SANTOS', 'CBS886', 'ECOTRANSPORTE', 32.63, 'LOGIMINSA', 32.63, 32.63, '01-51798', 'EG07-13139', 'PALTARUMI SAC', 'LA LIBERTAD-TRUJILLO-HUANCHACO', 'LIMA-BARRANCA-PARAMONGA', 'LOTE MINERAL', 21.00, 'dólar', 685.23, 19, 'dólar', 0, 685.23, NULL),
  (168, NULL, 'enero', 5, '31/01/2026', 'VVV1-717', 'VEGA NIETO MIGUEL ANGEL', 'CBT714', 'ECOTRANSPORTE', 37.15, 'LOGIMINSA', 37.15, 37.15, '01-51796', 'EG07-13140', 'PALTARUMI SAC', 'LA LIBERTAD-TRUJILLO-HUANCHACO', 'LIMA-BARRANCA-PARAMONGA', 'LOTE MINERAL', 21.00, 'dólar', 780.15, 19, 'dólar', 0, 780.15, NULL)
ON CONFLICT (id) DO NOTHING;

SELECT setval('documents_id_seq', (SELECT COALESCE(MAX(id), 0) FROM documents));

-- =============================================
-- TABLA: client_tariff (Tarifas por Cliente)
-- =============================================
CREATE TABLE IF NOT EXISTS client_tariff (
    id SERIAL PRIMARY KEY,
    cliente VARCHAR(255) NOT NULL,
    partida VARCHAR(255) NOT NULL,
    llegada VARCHAR(255) NOT NULL,
    material VARCHAR(255) NOT NULL,
    "precioVentaSinIgv" DECIMAL(15, 8) DEFAULT 0,
    moneda VARCHAR(50) NOT NULL,
    "precioCostoSinIgv" DECIMAL(15, 8) DEFAULT 0,
    divisa VARCHAR(50) NOT NULL
);

-- Tarifas de clientes
INSERT INTO client_tariff (cliente, partida, llegada, material, "precioVentaSinIgv", moneda, "precioCostoSinIgv", divisa) VALUES
('PALTARUMI SAC', 'LA LIBERTAD-TRUJILLO-HUANCHACO', 'LIMA-BARRANCA-PARAMONGA', 'MINERAL AURIFERO', 21, E'd\u00F3lar', 19, E'd\u00F3lar'),
('ECO GOLD SAC', 'LIMA-BARRANCA-PARAMONGA', 'CALLAO-CALLAO-VENTANILLA', 'CONCENTRADO DE AU', 23, E'd\u00F3lar', 20.5, E'd\u00F3lar'),
('ECO GOLD SAC', 'LA LIBERTAD-TRUJILLO-HUANCHACO', 'CALLAO-CALLAO-VENTANILLA', 'CONCENTRADO DE PLATA A GRANEL', 44, E'd\u00F3lar', 39.5, E'd\u00F3lar'),
('ECO GOLD SAC', 'LA LIBERTAD-TRUJILLO-HUANCHACO', 'LIMA-BARRANCA-PARAMONGA', 'MINERAL AURIFERO', 21, E'd\u00F3lar', 19, E'd\u00F3lar'),
('ECO GOLD SAC', 'ANCASH-HUARMEY-HUARMEY', 'LIMA-BARRANCA-PARAMONGA', 'MINERAL POLIMETALICO', 3, E'd\u00F3lar', 2, E'd\u00F3lar'),
('POLIMETALICOS DEL NORTE SAC', 'LA LIBERTAD-GRAN CHIMU-LUCMA', 'LA LIBERTAD-TRUJILLO-HUANCHACO', 'CONCENTRADO DE PLATA A GRANEL', 31, E'd\u00F3lar', 28, E'd\u00F3lar'),
('MONARCA GOLD SAC', E'ANCASH-SANTA-NEPE\u00D1A', 'CALLAO-CALLAO-CALLAO (IMPALA)', 'CONCENTRADO DE ZN', 33, E'd\u00F3lar', 26.5, E'd\u00F3lar'),
('MONARCA GOLD SAC', 'LA LIBERTAD-TRUJILLO-HUANCHACO', E'ANCASH-SANTA-NEPE\u00D1A', 'MINERAL POLIMETALICO', 50.847457, 'soles', 35.000000, 'soles'),
('ANDES MINERAL S.A.C.', 'MATUCANA', 'ALTAGRACIA', 'MINERAL EN BRUTO', 66.94915254, 'soles', 50.00000000, 'soles'),
('PARKANO RESOURCES S.A.C.', 'CHIMBOTE', 'CALLAO-CALLAO-CALLAO (IMPALA)', 'CONCENTRADO DE PLOMO', 110, 'soles', 90, 'soles'),
('GRUPO MINERA KATA DEL SUR S.A.C.', 'MATUCANA', 'ALTAGRACIA', 'MINERAL EN BRUTO', 66.94915254, 'soles', 50.00000000, 'soles'),
('NUKLEO PERU SAC', 'LIMA-LIMA-PUENTE PIEDRA', 'CALLAO-CALLAO-CALLAO', '', 99, 'soles', 98, 'soles')
ON CONFLICT DO NOTHING;

-- Resetear secuencia de client_tariff
SELECT setval('client_tariff_id_seq', (SELECT COALESCE(MAX(id), 0) FROM client_tariff));
